-- phpMyAdmin SQL Dump
-- version 4.0.10.14
-- http://www.phpmyadmin.net
--
-- Host: localhost:3306
-- Generation Time: Oct 30, 2016 at 02:20 PM
-- Server version: 5.5.52-cll
-- PHP Version: 5.6.20

SET SQL_MODE = "NO_AUTO_VALUE_ON_ZERO";
SET time_zone = "+00:00";


/*!40101 SET @OLD_CHARACTER_SET_CLIENT=@@CHARACTER_SET_CLIENT */;
/*!40101 SET @OLD_CHARACTER_SET_RESULTS=@@CHARACTER_SET_RESULTS */;
/*!40101 SET @OLD_COLLATION_CONNECTION=@@COLLATION_CONNECTION */;
/*!40101 SET NAMES utf8 */;

--
-- Database: `infohowt_apx`
--

-- --------------------------------------------------------

--
-- Table structure for table `apx_admin`
--

CREATE TABLE IF NOT EXISTS `apx_admin` (
  `id` int(11) NOT NULL AUTO_INCREMENT,
  `first_name` varchar(20) NOT NULL,
  `last_name` varchar(20) NOT NULL,
  `user_name` varchar(30) NOT NULL,
  `email` varchar(30) NOT NULL,
  `phone` varchar(30) NOT NULL,
  `password` varchar(50) NOT NULL,
  `detail` text NOT NULL,
  `role_id` int(11) NOT NULL,
  `picture` varchar(255) NOT NULL,
  `created_date` datetime NOT NULL,
  `created_by` int(11) NOT NULL,
  `modified_date` datetime NOT NULL,
  `modified_by` int(11) NOT NULL,
  `status` int(4) NOT NULL,
  PRIMARY KEY (`id`)
) ENGINE=InnoDB  DEFAULT CHARSET=latin1 AUTO_INCREMENT=10 ;

--
-- Dumping data for table `apx_admin`
--

INSERT INTO `apx_admin` (`id`, `first_name`, `last_name`, `user_name`, `email`, `phone`, `password`, `detail`, `role_id`, `picture`, `created_date`, `created_by`, `modified_date`, `modified_by`, `status`) VALUES
(5, 'abc', 'def', 'abcd', 'zohra@smxoft.com', '3335324908', '25d55ad283aa400af464c76d713c07ad', '                                                                                                                                                                                                                                                                                                                                          \r\n       asdsfdgsfhgf dfghfgh                                                                                                       \r\n                                                                                                              \r\n                                                                                                              \r\n                                                                                                              \r\n                                                       ', 3, '', '2016-09-24 00:28:33', 0, '0000-00-00 00:00:00', 0, 2),
(6, '', '', 'smehsoud', '', '', 'd81f9c1be2e08964bf9f24b15f0e4900', '', 1, '', '0000-00-00 00:00:00', 0, '0000-00-00 00:00:00', 0, 1),
(8, 'saeed', 'Ullah', 'saeed', 'smehsoud@yahoo.com', '1234123', '202cb962ac59075b964b07152d234b70', 'saeed ullah is a soft ware engineer.', 1, '', '2016-10-02 06:28:41', 0, '2016-10-02 21:11:43', 6, 1),
(9, 'Zack', 'Fiturber', 'zack', 'zack@info-howto.com', '00442081237919', '6c36bbf61664629c5ad59598121c6197', 'This is Admin', 2, '', '2016-10-02 18:32:49', 0, '0000-00-00 00:00:00', 0, 1);

-- --------------------------------------------------------

--
-- Table structure for table `apx_branches`
--

CREATE TABLE IF NOT EXISTS `apx_branches` (
  `branch_id` int(11) NOT NULL AUTO_INCREMENT,
  `code` varchar(15) NOT NULL,
  `name` varchar(25) NOT NULL,
  `manager` varchar(25) NOT NULL,
  `contactNu1` varchar(15) NOT NULL,
  `contactNu2` varchar(15) NOT NULL,
  `contactNu3` varchar(15) NOT NULL,
  `mangerContactNu` varchar(15) NOT NULL,
  `addressLine1` varchar(100) NOT NULL,
  `addressLine2` varchar(100) NOT NULL,
  `countryCode` varchar(10) NOT NULL,
  `state` varchar(25) NOT NULL,
  `city` varchar(25) NOT NULL,
  `zipCode` varchar(15) NOT NULL,
  `created_date` datetime NOT NULL,
  `created_by` int(4) NOT NULL,
  `modified_date` datetime NOT NULL,
  `modified_by` int(4) NOT NULL DEFAULT '0',
  `status` int(4) NOT NULL DEFAULT '0',
  PRIMARY KEY (`branch_id`)
) ENGINE=InnoDB  DEFAULT CHARSET=latin1 AUTO_INCREMENT=10 ;

--
-- Dumping data for table `apx_branches`
--

INSERT INTO `apx_branches` (`branch_id`, `code`, `name`, `manager`, `contactNu1`, `contactNu2`, `contactNu3`, `mangerContactNu`, `addressLine1`, `addressLine2`, `countryCode`, `state`, `city`, `zipCode`, `created_date`, `created_by`, `modified_date`, `modified_by`, `status`) VALUES
(1, '2312', 'Information technology', 'saeed', '923874987', '3289127398', '398127398712983', '', 'jkchkjc dcdsjkhcfk dsdfs', 'ashdhaskj dasd asdhash d', 'PK', 'ICT', 'Islamabad', '44000', '2016-10-05 10:30:00', 6, '2016-10-05 22:00:12', 6, -1),
(5, '0044', 'Head Office', 'Zack', '00442081237919', '00442081237919', '00442081237919', '00447991237919', '28 sheraton busness Centre', 'Essex', 'PK', 'London', 'London', 'UB2 4JR', '2016-10-06 06:40:00', 6, '2016-10-06 15:08:56', 6, -1),
(6, '44123', 'APX UK', 'Zack Fiturber', '00442081237919', '00442081237919', '00442081237919', '00447991237919', '28 sheraton busness Centre', 'Essex', 'GB', 'London', 'London', 'UB2 4JR', '2016-10-17 15:53:04', 6, '0000-00-00 00:00:00', 0, -1),
(7, '92123', 'APX PK', 'Irfan Khan', '0511234567', '0511234567', '0511234567', '03210000000', '1293 strre 5 sect4', 'Islamabad', 'PK', 'Islamabad', 'Islamabad', '44000', '2016-10-17 15:54:42', 6, '0000-00-00 00:00:00', 0, -1),
(8, '0051', 'APX ISLAMABAD', 'ABDULLAH KHAWAJA', '0515956608', '0515956607', '05159566', '03219889887', 'HOUSE # 271 MAIN JINNAH ROAD ', 'AIRPORT HOUSING SOCIETY ', 'PK', 'PUNJAB', 'ISLAMABAD', '44000', '2016-10-21 14:30:12', 6, '2016-10-28 09:28:47', 6, 1),
(9, '0432', 'APX SIALKOT', 'FAIZAN KHAN', '0524601603', '0524601602', '0524601602', '03212422565', 'MAIN PARIS ROAD ', 'OPISTE DHL ', 'PK', 'PUNJAB', 'SIALKOT', '050000', '2016-10-21 14:34:51', 6, '2016-10-22 05:06:24', 6, 1);

-- --------------------------------------------------------

--
-- Table structure for table `apx_countries`
--

CREATE TABLE IF NOT EXISTS `apx_countries` (
  `country_id` int(5) NOT NULL AUTO_INCREMENT,
  `countryCode` char(2) NOT NULL DEFAULT '',
  `countryName` varchar(45) NOT NULL DEFAULT '',
  `currencyCode` char(3) DEFAULT NULL,
  `fipsCode` char(2) DEFAULT NULL,
  `capital` varchar(30) DEFAULT NULL,
  `continentName` varchar(15) DEFAULT NULL,
  `continent` char(2) DEFAULT NULL,
  `languages` varchar(100) DEFAULT NULL,
  `geonameId` int(10) DEFAULT NULL,
  PRIMARY KEY (`country_id`)
) ENGINE=MyISAM  DEFAULT CHARSET=utf8 AUTO_INCREMENT=251 ;

--
-- Dumping data for table `apx_countries`
--

INSERT INTO `apx_countries` (`country_id`, `countryCode`, `countryName`, `currencyCode`, `fipsCode`, `capital`, `continentName`, `continent`, `languages`, `geonameId`) VALUES
(1, 'AD', 'Andorra', 'EUR', 'AN', 'Andorra la Vella', 'Europe', 'EU', 'ca', 3041565),
(2, 'AE', 'United Arab Emirates', 'AED', 'AE', 'Abu Dhabi', 'Asia', 'AS', 'ar-AE,fa,en,hi,ur', 290557),
(3, 'AF', 'Afghanistan', 'AFN', 'AF', 'Kabul', 'Asia', 'AS', 'fa-AF,ps,uz-AF,tk', 1149361),
(4, 'AG', 'Antigua and Barbuda', 'XCD', 'AC', 'St. John''s', 'North America', 'NA', 'en-AG', 3576396),
(5, 'AI', 'Anguilla', 'XCD', 'AV', 'The Valley', 'North America', 'NA', 'en-AI', 3573511),
(6, 'AL', 'Albania', 'ALL', 'AL', 'Tirana', 'Europe', 'EU', 'sq,el', 783754),
(7, 'AM', 'Armenia', 'AMD', 'AM', 'Yerevan', 'Asia', 'AS', 'hy', 174982),
(8, 'AO', 'Angola', 'AOA', 'AO', 'Luanda', 'Africa', 'AF', 'pt-AO', 3351879),
(9, 'AQ', 'Antarctica', '', 'AY', '', 'Antarctica', 'AN', '', 6697173),
(10, 'AR', 'Argentina', 'ARS', 'AR', 'Buenos Aires', 'South America', 'SA', 'es-AR,en,it,de,fr,gn', 3865483),
(11, 'AS', 'American Samoa', 'USD', 'AQ', 'Pago Pago', 'Oceania', 'OC', 'en-AS,sm,to', 5880801),
(12, 'AT', 'Austria', 'EUR', 'AU', 'Vienna', 'Europe', 'EU', 'de-AT,hr,hu,sl', 2782113),
(13, 'AU', 'Australia', 'AUD', 'AS', 'Canberra', 'Oceania', 'OC', 'en-AU', 2077456),
(14, 'AW', 'Aruba', 'AWG', 'AA', 'Oranjestad', 'North America', 'NA', 'nl-AW,es,en', 3577279),
(15, 'AX', 'Åland', 'EUR', '', 'Mariehamn', 'Europe', 'EU', 'sv-AX', 661882),
(16, 'AZ', 'Azerbaijan', 'AZN', 'AJ', 'Baku', 'Asia', 'AS', 'az,ru,hy', 587116),
(17, 'BA', 'Bosnia and Herzegovina', 'BAM', 'BK', 'Sarajevo', 'Europe', 'EU', 'bs,hr-BA,sr-BA', 3277605),
(18, 'BB', 'Barbados', 'BBD', 'BB', 'Bridgetown', 'North America', 'NA', 'en-BB', 3374084),
(19, 'BD', 'Bangladesh', 'BDT', 'BG', 'Dhaka', 'Asia', 'AS', 'bn-BD,en', 1210997),
(20, 'BE', 'Belgium', 'EUR', 'BE', 'Brussels', 'Europe', 'EU', 'nl-BE,fr-BE,de-BE', 2802361),
(21, 'BF', 'Burkina Faso', 'XOF', 'UV', 'Ouagadougou', 'Africa', 'AF', 'fr-BF', 2361809),
(22, 'BG', 'Bulgaria', 'BGN', 'BU', 'Sofia', 'Europe', 'EU', 'bg,tr-BG,rom', 732800),
(23, 'BH', 'Bahrain', 'BHD', 'BA', 'Manama', 'Asia', 'AS', 'ar-BH,en,fa,ur', 290291),
(24, 'BI', 'Burundi', 'BIF', 'BY', 'Bujumbura', 'Africa', 'AF', 'fr-BI,rn', 433561),
(25, 'BJ', 'Benin', 'XOF', 'BN', 'Porto-Novo', 'Africa', 'AF', 'fr-BJ', 2395170),
(26, 'BL', 'Saint Barthélemy', 'EUR', 'TB', 'Gustavia', 'North America', 'NA', 'fr', 3578476),
(27, 'BM', 'Bermuda', 'BMD', 'BD', 'Hamilton', 'North America', 'NA', 'en-BM,pt', 3573345),
(28, 'BN', 'Brunei', 'BND', 'BX', 'Bandar Seri Begawan', 'Asia', 'AS', 'ms-BN,en-BN', 1820814),
(29, 'BO', 'Bolivia', 'BOB', 'BL', 'Sucre', 'South America', 'SA', 'es-BO,qu,ay', 3923057),
(30, 'BQ', 'Bonaire', 'USD', '', 'Kralendijk', 'North America', 'NA', 'nl,pap,en', 7626844),
(31, 'BR', 'Brazil', 'BRL', 'BR', 'Brasília', 'South America', 'SA', 'pt-BR,es,en,fr', 3469034),
(32, 'BS', 'Bahamas', 'BSD', 'BF', 'Nassau', 'North America', 'NA', 'en-BS', 3572887),
(33, 'BT', 'Bhutan', 'BTN', 'BT', 'Thimphu', 'Asia', 'AS', 'dz', 1252634),
(34, 'BV', 'Bouvet Island', 'NOK', 'BV', '', 'Antarctica', 'AN', '', 3371123),
(35, 'BW', 'Botswana', 'BWP', 'BC', 'Gaborone', 'Africa', 'AF', 'en-BW,tn-BW', 933860),
(36, 'BY', 'Belarus', 'BYR', 'BO', 'Minsk', 'Europe', 'EU', 'be,ru', 630336),
(37, 'BZ', 'Belize', 'BZD', 'BH', 'Belmopan', 'North America', 'NA', 'en-BZ,es', 3582678),
(38, 'CA', 'Canada', 'CAD', 'CA', 'Ottawa', 'North America', 'NA', 'en-CA,fr-CA,iu', 6251999),
(39, 'CC', 'Cocos [Keeling] Islands', 'AUD', 'CK', 'West Island', 'Asia', 'AS', 'ms-CC,en', 1547376),
(40, 'CD', 'Democratic Republic of the Congo', 'CDF', 'CG', 'Kinshasa', 'Africa', 'AF', 'fr-CD,ln,kg', 203312),
(41, 'CF', 'Central African Republic', 'XAF', 'CT', 'Bangui', 'Africa', 'AF', 'fr-CF,sg,ln,kg', 239880),
(42, 'CG', 'Republic of the Congo', 'XAF', 'CF', 'Brazzaville', 'Africa', 'AF', 'fr-CG,kg,ln-CG', 2260494),
(43, 'CH', 'Switzerland', 'CHF', 'SZ', 'Bern', 'Europe', 'EU', 'de-CH,fr-CH,it-CH,rm', 2658434),
(44, 'CI', 'Ivory Coast', 'XOF', 'IV', 'Yamoussoukro', 'Africa', 'AF', 'fr-CI', 2287781),
(45, 'CK', 'Cook Islands', 'NZD', 'CW', 'Avarua', 'Oceania', 'OC', 'en-CK,mi', 1899402),
(46, 'CL', 'Chile', 'CLP', 'CI', 'Santiago', 'South America', 'SA', 'es-CL', 3895114),
(47, 'CM', 'Cameroon', 'XAF', 'CM', 'Yaoundé', 'Africa', 'AF', 'en-CM,fr-CM', 2233387),
(48, 'CN', 'China', 'CNY', 'CH', 'Beijing', 'Asia', 'AS', 'zh-CN,yue,wuu,dta,ug,za', 1814991),
(49, 'CO', 'Colombia', 'COP', 'CO', 'Bogotá', 'South America', 'SA', 'es-CO', 3686110),
(50, 'CR', 'Costa Rica', 'CRC', 'CS', 'San José', 'North America', 'NA', 'es-CR,en', 3624060),
(51, 'CU', 'Cuba', 'CUP', 'CU', 'Havana', 'North America', 'NA', 'es-CU', 3562981),
(52, 'CV', 'Cape Verde', 'CVE', 'CV', 'Praia', 'Africa', 'AF', 'pt-CV', 3374766),
(53, 'CW', 'Curacao', 'ANG', 'UC', 'Willemstad', 'North America', 'NA', 'nl,pap', 7626836),
(54, 'CX', 'Christmas Island', 'AUD', 'KT', 'Flying Fish Cove', 'Asia', 'AS', 'en,zh,ms-CC', 2078138),
(55, 'CY', 'Cyprus', 'EUR', 'CY', 'Nicosia', 'Europe', 'EU', 'el-CY,tr-CY,en', 146669),
(56, 'CZ', 'Czechia', 'CZK', 'EZ', 'Prague', 'Europe', 'EU', 'cs,sk', 3077311),
(57, 'DE', 'Germany', 'EUR', 'GM', 'Berlin', 'Europe', 'EU', 'de', 2921044),
(58, 'DJ', 'Djibouti', 'DJF', 'DJ', 'Djibouti', 'Africa', 'AF', 'fr-DJ,ar,so-DJ,aa', 223816),
(59, 'DK', 'Denmark', 'DKK', 'DA', 'Copenhagen', 'Europe', 'EU', 'da-DK,en,fo,de-DK', 2623032),
(60, 'DM', 'Dominica', 'XCD', 'DO', 'Roseau', 'North America', 'NA', 'en-DM', 3575830),
(61, 'DO', 'Dominican Republic', 'DOP', 'DR', 'Santo Domingo', 'North America', 'NA', 'es-DO', 3508796),
(62, 'DZ', 'Algeria', 'DZD', 'AG', 'Algiers', 'Africa', 'AF', 'ar-DZ', 2589581),
(63, 'EC', 'Ecuador', 'USD', 'EC', 'Quito', 'South America', 'SA', 'es-EC', 3658394),
(64, 'EE', 'Estonia', 'EUR', 'EN', 'Tallinn', 'Europe', 'EU', 'et,ru', 453733),
(65, 'EG', 'Egypt', 'EGP', 'EG', 'Cairo', 'Africa', 'AF', 'ar-EG,en,fr', 357994),
(66, 'EH', 'Western Sahara', 'MAD', 'WI', 'Laâyoune / El Aaiún', 'Africa', 'AF', 'ar,mey', 2461445),
(67, 'ER', 'Eritrea', 'ERN', 'ER', 'Asmara', 'Africa', 'AF', 'aa-ER,ar,tig,kun,ti-ER', 338010),
(68, 'ES', 'Spain', 'EUR', 'SP', 'Madrid', 'Europe', 'EU', 'es-ES,ca,gl,eu,oc', 2510769),
(69, 'ET', 'Ethiopia', 'ETB', 'ET', 'Addis Ababa', 'Africa', 'AF', 'am,en-ET,om-ET,ti-ET,so-ET,sid', 337996),
(70, 'FI', 'Finland', 'EUR', 'FI', 'Helsinki', 'Europe', 'EU', 'fi-FI,sv-FI,smn', 660013),
(71, 'FJ', 'Fiji', 'FJD', 'FJ', 'Suva', 'Oceania', 'OC', 'en-FJ,fj', 2205218),
(72, 'FK', 'Falkland Islands', 'FKP', 'FK', 'Stanley', 'South America', 'SA', 'en-FK', 3474414),
(73, 'FM', 'Micronesia', 'USD', 'FM', 'Palikir', 'Oceania', 'OC', 'en-FM,chk,pon,yap,kos,uli,woe,nkr,kpg', 2081918),
(74, 'FO', 'Faroe Islands', 'DKK', 'FO', 'Tórshavn', 'Europe', 'EU', 'fo,da-FO', 2622320),
(75, 'FR', 'France', 'EUR', 'FR', 'Paris', 'Europe', 'EU', 'fr-FR,frp,br,co,ca,eu,oc', 3017382),
(76, 'GA', 'Gabon', 'XAF', 'GB', 'Libreville', 'Africa', 'AF', 'fr-GA', 2400553),
(77, 'GB', 'United Kingdom', 'GBP', 'UK', 'London', 'Europe', 'EU', 'en-GB,cy-GB,gd', 2635167),
(78, 'GD', 'Grenada', 'XCD', 'GJ', 'St. George''s', 'North America', 'NA', 'en-GD', 3580239),
(79, 'GE', 'Georgia', 'GEL', 'GG', 'Tbilisi', 'Asia', 'AS', 'ka,ru,hy,az', 614540),
(80, 'GF', 'French Guiana', 'EUR', 'FG', 'Cayenne', 'South America', 'SA', 'fr-GF', 3381670),
(81, 'GG', 'Guernsey', 'GBP', 'GK', 'St Peter Port', 'Europe', 'EU', 'en,fr', 3042362),
(82, 'GH', 'Ghana', 'GHS', 'GH', 'Accra', 'Africa', 'AF', 'en-GH,ak,ee,tw', 2300660),
(83, 'GI', 'Gibraltar', 'GIP', 'GI', 'Gibraltar', 'Europe', 'EU', 'en-GI,es,it,pt', 2411586),
(84, 'GL', 'Greenland', 'DKK', 'GL', 'Nuuk', 'North America', 'NA', 'kl,da-GL,en', 3425505),
(85, 'GM', 'Gambia', 'GMD', 'GA', 'Bathurst', 'Africa', 'AF', 'en-GM,mnk,wof,wo,ff', 2413451),
(86, 'GN', 'Guinea', 'GNF', 'GV', 'Conakry', 'Africa', 'AF', 'fr-GN', 2420477),
(87, 'GP', 'Guadeloupe', 'EUR', 'GP', 'Basse-Terre', 'North America', 'NA', 'fr-GP', 3579143),
(88, 'GQ', 'Equatorial Guinea', 'XAF', 'EK', 'Malabo', 'Africa', 'AF', 'es-GQ,fr', 2309096),
(89, 'GR', 'Greece', 'EUR', 'GR', 'Athens', 'Europe', 'EU', 'el-GR,en,fr', 390903),
(90, 'GS', 'South Georgia and the South Sandwich Islands', 'GBP', 'SX', 'Grytviken', 'Antarctica', 'AN', 'en', 3474415),
(91, 'GT', 'Guatemala', 'GTQ', 'GT', 'Guatemala City', 'North America', 'NA', 'es-GT', 3595528),
(92, 'GU', 'Guam', 'USD', 'GQ', 'Hagåtña', 'Oceania', 'OC', 'en-GU,ch-GU', 4043988),
(93, 'GW', 'Guinea-Bissau', 'XOF', 'PU', 'Bissau', 'Africa', 'AF', 'pt-GW,pov', 2372248),
(94, 'GY', 'Guyana', 'GYD', 'GY', 'Georgetown', 'South America', 'SA', 'en-GY', 3378535),
(95, 'HK', 'Hong Kong', 'HKD', 'HK', 'Hong Kong', 'Asia', 'AS', 'zh-HK,yue,zh,en', 1819730),
(96, 'HM', 'Heard Island and McDonald Islands', 'AUD', 'HM', '', 'Antarctica', 'AN', '', 1547314),
(97, 'HN', 'Honduras', 'HNL', 'HO', 'Tegucigalpa', 'North America', 'NA', 'es-HN', 3608932),
(98, 'HR', 'Croatia', 'HRK', 'HR', 'Zagreb', 'Europe', 'EU', 'hr-HR,sr', 3202326),
(99, 'HT', 'Haiti', 'HTG', 'HA', 'Port-au-Prince', 'North America', 'NA', 'ht,fr-HT', 3723988),
(100, 'HU', 'Hungary', 'HUF', 'HU', 'Budapest', 'Europe', 'EU', 'hu-HU', 719819),
(101, 'ID', 'Indonesia', 'IDR', 'ID', 'Jakarta', 'Asia', 'AS', 'id,en,nl,jv', 1643084),
(102, 'IE', 'Ireland', 'EUR', 'EI', 'Dublin', 'Europe', 'EU', 'en-IE,ga-IE', 2963597),
(103, 'IL', 'Israel', 'ILS', 'IS', '', 'Asia', 'AS', 'he,ar-IL,en-IL,', 294640),
(104, 'IM', 'Isle of Man', 'GBP', 'IM', 'Douglas', 'Europe', 'EU', 'en,gv', 3042225),
(105, 'IN', 'India', 'INR', 'IN', 'New Delhi', 'Asia', 'AS', 'en-IN,hi,bn,te,mr,ta,ur,gu,kn,ml,or,pa,as,bh,sat,ks,ne,sd,kok,doi,mni,sit,sa,fr,lus,inc', 1269750),
(106, 'IO', 'British Indian Ocean Territory', 'USD', 'IO', '', 'Asia', 'AS', 'en-IO', 1282588),
(107, 'IQ', 'Iraq', 'IQD', 'IZ', 'Baghdad', 'Asia', 'AS', 'ar-IQ,ku,hy', 99237),
(108, 'IR', 'Iran', 'IRR', 'IR', 'Tehran', 'Asia', 'AS', 'fa-IR,ku', 130758),
(109, 'IS', 'Iceland', 'ISK', 'IC', 'Reykjavik', 'Europe', 'EU', 'is,en,de,da,sv,no', 2629691),
(110, 'IT', 'Italy', 'EUR', 'IT', 'Rome', 'Europe', 'EU', 'it-IT,de-IT,fr-IT,sc,ca,co,sl', 3175395),
(111, 'JE', 'Jersey', 'GBP', 'JE', 'Saint Helier', 'Europe', 'EU', 'en,pt', 3042142),
(112, 'JM', 'Jamaica', 'JMD', 'JM', 'Kingston', 'North America', 'NA', 'en-JM', 3489940),
(113, 'JO', 'Jordan', 'JOD', 'JO', 'Amman', 'Asia', 'AS', 'ar-JO,en', 248816),
(114, 'JP', 'Japan', 'JPY', 'JA', 'Tokyo', 'Asia', 'AS', 'ja', 1861060),
(115, 'KE', 'Kenya', 'KES', 'KE', 'Nairobi', 'Africa', 'AF', 'en-KE,sw-KE', 192950),
(116, 'KG', 'Kyrgyzstan', 'KGS', 'KG', 'Bishkek', 'Asia', 'AS', 'ky,uz,ru', 1527747),
(117, 'KH', 'Cambodia', 'KHR', 'CB', 'Phnom Penh', 'Asia', 'AS', 'km,fr,en', 1831722),
(118, 'KI', 'Kiribati', 'AUD', 'KR', 'Tarawa', 'Oceania', 'OC', 'en-KI,gil', 4030945),
(119, 'KM', 'Comoros', 'KMF', 'CN', 'Moroni', 'Africa', 'AF', 'ar,fr-KM', 921929),
(120, 'KN', 'Saint Kitts and Nevis', 'XCD', 'SC', 'Basseterre', 'North America', 'NA', 'en-KN', 3575174),
(121, 'KP', 'North Korea', 'KPW', 'KN', 'Pyongyang', 'Asia', 'AS', 'ko-KP', 1873107),
(122, 'KR', 'South Korea', 'KRW', 'KS', 'Seoul', 'Asia', 'AS', 'ko-KR,en', 1835841),
(123, 'KW', 'Kuwait', 'KWD', 'KU', 'Kuwait City', 'Asia', 'AS', 'ar-KW,en', 285570),
(124, 'KY', 'Cayman Islands', 'KYD', 'CJ', 'George Town', 'North America', 'NA', 'en-KY', 3580718),
(125, 'KZ', 'Kazakhstan', 'KZT', 'KZ', 'Astana', 'Asia', 'AS', 'kk,ru', 1522867),
(126, 'LA', 'Laos', 'LAK', 'LA', 'Vientiane', 'Asia', 'AS', 'lo,fr,en', 1655842),
(127, 'LB', 'Lebanon', 'LBP', 'LE', 'Beirut', 'Asia', 'AS', 'ar-LB,fr-LB,en,hy', 272103),
(128, 'LC', 'Saint Lucia', 'XCD', 'ST', 'Castries', 'North America', 'NA', 'en-LC', 3576468),
(129, 'LI', 'Liechtenstein', 'CHF', 'LS', 'Vaduz', 'Europe', 'EU', 'de-LI', 3042058),
(130, 'LK', 'Sri Lanka', 'LKR', 'CE', 'Colombo', 'Asia', 'AS', 'si,ta,en', 1227603),
(131, 'LR', 'Liberia', 'LRD', 'LI', 'Monrovia', 'Africa', 'AF', 'en-LR', 2275384),
(132, 'LS', 'Lesotho', 'LSL', 'LT', 'Maseru', 'Africa', 'AF', 'en-LS,st,zu,xh', 932692),
(133, 'LT', 'Lithuania', 'EUR', 'LH', 'Vilnius', 'Europe', 'EU', 'lt,ru,pl', 597427),
(134, 'LU', 'Luxembourg', 'EUR', 'LU', 'Luxembourg', 'Europe', 'EU', 'lb,de-LU,fr-LU', 2960313),
(135, 'LV', 'Latvia', 'EUR', 'LG', 'Riga', 'Europe', 'EU', 'lv,ru,lt', 458258),
(136, 'LY', 'Libya', 'LYD', 'LY', 'Tripoli', 'Africa', 'AF', 'ar-LY,it,en', 2215636),
(137, 'MA', 'Morocco', 'MAD', 'MO', 'Rabat', 'Africa', 'AF', 'ar-MA,fr', 2542007),
(138, 'MC', 'Monaco', 'EUR', 'MN', 'Monaco', 'Europe', 'EU', 'fr-MC,en,it', 2993457),
(139, 'MD', 'Moldova', 'MDL', 'MD', 'Chişinău', 'Europe', 'EU', 'ro,ru,gag,tr', 617790),
(140, 'ME', 'Montenegro', 'EUR', 'MJ', 'Podgorica', 'Europe', 'EU', 'sr,hu,bs,sq,hr,rom', 3194884),
(141, 'MF', 'Saint Martin', 'EUR', 'RN', 'Marigot', 'North America', 'NA', 'fr', 3578421),
(142, 'MG', 'Madagascar', 'MGA', 'MA', 'Antananarivo', 'Africa', 'AF', 'fr-MG,mg', 1062947),
(143, 'MH', 'Marshall Islands', 'USD', 'RM', 'Majuro', 'Oceania', 'OC', 'mh,en-MH', 2080185),
(144, 'MK', 'Macedonia', 'MKD', 'MK', 'Skopje', 'Europe', 'EU', 'mk,sq,tr,rmm,sr', 718075),
(145, 'ML', 'Mali', 'XOF', 'ML', 'Bamako', 'Africa', 'AF', 'fr-ML,bm', 2453866),
(146, 'MM', 'Myanmar [Burma]', 'MMK', 'BM', 'Naypyitaw', 'Asia', 'AS', 'my', 1327865),
(147, 'MN', 'Mongolia', 'MNT', 'MG', 'Ulan Bator', 'Asia', 'AS', 'mn,ru', 2029969),
(148, 'MO', 'Macao', 'MOP', 'MC', 'Macao', 'Asia', 'AS', 'zh,zh-MO,pt', 1821275),
(149, 'MP', 'Northern Mariana Islands', 'USD', 'CQ', 'Saipan', 'Oceania', 'OC', 'fil,tl,zh,ch-MP,en-MP', 4041468),
(150, 'MQ', 'Martinique', 'EUR', 'MB', 'Fort-de-France', 'North America', 'NA', 'fr-MQ', 3570311),
(151, 'MR', 'Mauritania', 'MRO', 'MR', 'Nouakchott', 'Africa', 'AF', 'ar-MR,fuc,snk,fr,mey,wo', 2378080),
(152, 'MS', 'Montserrat', 'XCD', 'MH', 'Plymouth', 'North America', 'NA', 'en-MS', 3578097),
(153, 'MT', 'Malta', 'EUR', 'MT', 'Valletta', 'Europe', 'EU', 'mt,en-MT', 2562770),
(154, 'MU', 'Mauritius', 'MUR', 'MP', 'Port Louis', 'Africa', 'AF', 'en-MU,bho,fr', 934292),
(155, 'MV', 'Maldives', 'MVR', 'MV', 'Malé', 'Asia', 'AS', 'dv,en', 1282028),
(156, 'MW', 'Malawi', 'MWK', 'MI', 'Lilongwe', 'Africa', 'AF', 'ny,yao,tum,swk', 927384),
(157, 'MX', 'Mexico', 'MXN', 'MX', 'Mexico City', 'North America', 'NA', 'es-MX', 3996063),
(158, 'MY', 'Malaysia', 'MYR', 'MY', 'Kuala Lumpur', 'Asia', 'AS', 'ms-MY,en,zh,ta,te,ml,pa,th', 1733045),
(159, 'MZ', 'Mozambique', 'MZN', 'MZ', 'Maputo', 'Africa', 'AF', 'pt-MZ,vmw', 1036973),
(160, 'NA', 'Namibia', 'NAD', 'WA', 'Windhoek', 'Africa', 'AF', 'en-NA,af,de,hz,naq', 3355338),
(161, 'NC', 'New Caledonia', 'XPF', 'NC', 'Noumea', 'Oceania', 'OC', 'fr-NC', 2139685),
(162, 'NE', 'Niger', 'XOF', 'NG', 'Niamey', 'Africa', 'AF', 'fr-NE,ha,kr,dje', 2440476),
(163, 'NF', 'Norfolk Island', 'AUD', 'NF', 'Kingston', 'Oceania', 'OC', 'en-NF', 2155115),
(164, 'NG', 'Nigeria', 'NGN', 'NI', 'Abuja', 'Africa', 'AF', 'en-NG,ha,yo,ig,ff', 2328926),
(165, 'NI', 'Nicaragua', 'NIO', 'NU', 'Managua', 'North America', 'NA', 'es-NI,en', 3617476),
(166, 'NL', 'Netherlands', 'EUR', 'NL', 'Amsterdam', 'Europe', 'EU', 'nl-NL,fy-NL', 2750405),
(167, 'NO', 'Norway', 'NOK', 'NO', 'Oslo', 'Europe', 'EU', 'no,nb,nn,se,fi', 3144096),
(168, 'NP', 'Nepal', 'NPR', 'NP', 'Kathmandu', 'Asia', 'AS', 'ne,en', 1282988),
(169, 'NR', 'Nauru', 'AUD', 'NR', 'Yaren', 'Oceania', 'OC', 'na,en-NR', 2110425),
(170, 'NU', 'Niue', 'NZD', 'NE', 'Alofi', 'Oceania', 'OC', 'niu,en-NU', 4036232),
(171, 'NZ', 'New Zealand', 'NZD', 'NZ', 'Wellington', 'Oceania', 'OC', 'en-NZ,mi', 2186224),
(172, 'OM', 'Oman', 'OMR', 'MU', 'Muscat', 'Asia', 'AS', 'ar-OM,en,bal,ur', 286963),
(173, 'PA', 'Panama', 'PAB', 'PM', 'Panama City', 'North America', 'NA', 'es-PA,en', 3703430),
(174, 'PE', 'Peru', 'PEN', 'PE', 'Lima', 'South America', 'SA', 'es-PE,qu,ay', 3932488),
(175, 'PF', 'French Polynesia', 'XPF', 'FP', 'Papeete', 'Oceania', 'OC', 'fr-PF,ty', 4030656),
(176, 'PG', 'Papua New Guinea', 'PGK', 'PP', 'Port Moresby', 'Oceania', 'OC', 'en-PG,ho,meu,tpi', 2088628),
(177, 'PH', 'Philippines', 'PHP', 'RP', 'Manila', 'Asia', 'AS', 'tl,en-PH,fil', 1694008),
(178, 'PK', 'Pakistan', 'PKR', 'PK', 'Islamabad', 'Asia', 'AS', 'ur-PK,en-PK,pa,sd,ps,brh', 1168579),
(179, 'PL', 'Poland', 'PLN', 'PL', 'Warsaw', 'Europe', 'EU', 'pl', 798544),
(180, 'PM', 'Saint Pierre and Miquelon', 'EUR', 'SB', 'Saint-Pierre', 'North America', 'NA', 'fr-PM', 3424932),
(181, 'PN', 'Pitcairn Islands', 'NZD', 'PC', 'Adamstown', 'Oceania', 'OC', 'en-PN', 4030699),
(182, 'PR', 'Puerto Rico', 'USD', 'RQ', 'San Juan', 'North America', 'NA', 'en-PR,es-PR', 4566966),
(183, 'PS', 'Palestine', 'ILS', 'WE', '', 'Asia', 'AS', 'ar-PS', 6254930),
(184, 'PT', 'Portugal', 'EUR', 'PO', 'Lisbon', 'Europe', 'EU', 'pt-PT,mwl', 2264397),
(185, 'PW', 'Palau', 'USD', 'PS', 'Melekeok', 'Oceania', 'OC', 'pau,sov,en-PW,tox,ja,fil,zh', 1559582),
(186, 'PY', 'Paraguay', 'PYG', 'PA', 'Asunción', 'South America', 'SA', 'es-PY,gn', 3437598),
(187, 'QA', 'Qatar', 'QAR', 'QA', 'Doha', 'Asia', 'AS', 'ar-QA,es', 289688),
(188, 'RE', 'Réunion', 'EUR', 'RE', 'Saint-Denis', 'Africa', 'AF', 'fr-RE', 935317),
(189, 'RO', 'Romania', 'RON', 'RO', 'Bucharest', 'Europe', 'EU', 'ro,hu,rom', 798549),
(190, 'RS', 'Serbia', 'RSD', 'RI', 'Belgrade', 'Europe', 'EU', 'sr,hu,bs,rom', 6290252),
(191, 'RU', 'Russia', 'RUB', 'RS', 'Moscow', 'Europe', 'EU', 'ru,tt,xal,cau,ady,kv,ce,tyv,cv,udm,tut,mns,bua,myv,mdf,chm,ba,inh,tut,kbd,krc,ava,sah,nog', 2017370),
(192, 'RW', 'Rwanda', 'RWF', 'RW', 'Kigali', 'Africa', 'AF', 'rw,en-RW,fr-RW,sw', 49518),
(193, 'SA', 'Saudi Arabia', 'SAR', 'SA', 'Riyadh', 'Asia', 'AS', 'ar-SA', 102358),
(194, 'SB', 'Solomon Islands', 'SBD', 'BP', 'Honiara', 'Oceania', 'OC', 'en-SB,tpi', 2103350),
(195, 'SC', 'Seychelles', 'SCR', 'SE', 'Victoria', 'Africa', 'AF', 'en-SC,fr-SC', 241170),
(196, 'SD', 'Sudan', 'SDG', 'SU', 'Khartoum', 'Africa', 'AF', 'ar-SD,en,fia', 366755),
(197, 'SE', 'Sweden', 'SEK', 'SW', 'Stockholm', 'Europe', 'EU', 'sv-SE,se,sma,fi-SE', 2661886),
(198, 'SG', 'Singapore', 'SGD', 'SN', 'Singapore', 'Asia', 'AS', 'cmn,en-SG,ms-SG,ta-SG,zh-SG', 1880251),
(199, 'SH', 'Saint Helena', 'SHP', 'SH', 'Jamestown', 'Africa', 'AF', 'en-SH', 3370751),
(200, 'SI', 'Slovenia', 'EUR', 'SI', 'Ljubljana', 'Europe', 'EU', 'sl,sh', 3190538),
(201, 'SJ', 'Svalbard and Jan Mayen', 'NOK', 'SV', 'Longyearbyen', 'Europe', 'EU', 'no,ru', 607072),
(202, 'SK', 'Slovakia', 'EUR', 'LO', 'Bratislava', 'Europe', 'EU', 'sk,hu', 3057568),
(203, 'SL', 'Sierra Leone', 'SLL', 'SL', 'Freetown', 'Africa', 'AF', 'en-SL,men,tem', 2403846),
(204, 'SM', 'San Marino', 'EUR', 'SM', 'San Marino', 'Europe', 'EU', 'it-SM', 3168068),
(205, 'SN', 'Senegal', 'XOF', 'SG', 'Dakar', 'Africa', 'AF', 'fr-SN,wo,fuc,mnk', 2245662),
(206, 'SO', 'Somalia', 'SOS', 'SO', 'Mogadishu', 'Africa', 'AF', 'so-SO,ar-SO,it,en-SO', 51537),
(207, 'SR', 'Suriname', 'SRD', 'NS', 'Paramaribo', 'South America', 'SA', 'nl-SR,en,srn,hns,jv', 3382998),
(208, 'SS', 'South Sudan', 'SSP', 'OD', 'Juba', 'Africa', 'AF', 'en', 7909807),
(209, 'ST', 'São Tomé and Príncipe', 'STD', 'TP', 'São Tomé', 'Africa', 'AF', 'pt-ST', 2410758),
(210, 'SV', 'El Salvador', 'USD', 'ES', 'San Salvador', 'North America', 'NA', 'es-SV', 3585968),
(211, 'SX', 'Sint Maarten', 'ANG', 'NN', 'Philipsburg', 'North America', 'NA', 'nl,en', 7609695),
(212, 'SY', 'Syria', 'SYP', 'SY', 'Damascus', 'Asia', 'AS', 'ar-SY,ku,hy,arc,fr,en', 163843),
(213, 'SZ', 'Swaziland', 'SZL', 'WZ', 'Mbabane', 'Africa', 'AF', 'en-SZ,ss-SZ', 934841),
(214, 'TC', 'Turks and Caicos Islands', 'USD', 'TK', 'Cockburn Town', 'North America', 'NA', 'en-TC', 3576916),
(215, 'TD', 'Chad', 'XAF', 'CD', 'N''Djamena', 'Africa', 'AF', 'fr-TD,ar-TD,sre', 2434508),
(216, 'TF', 'French Southern Territories', 'EUR', 'FS', 'Port-aux-Français', 'Antarctica', 'AN', 'fr', 1546748),
(217, 'TG', 'Togo', 'XOF', 'TO', 'Lomé', 'Africa', 'AF', 'fr-TG,ee,hna,kbp,dag,ha', 2363686),
(218, 'TH', 'Thailand', 'THB', 'TH', 'Bangkok', 'Asia', 'AS', 'th,en', 1605651),
(219, 'TJ', 'Tajikistan', 'TJS', 'TI', 'Dushanbe', 'Asia', 'AS', 'tg,ru', 1220409),
(220, 'TK', 'Tokelau', 'NZD', 'TL', '', 'Oceania', 'OC', 'tkl,en-TK', 4031074),
(221, 'TL', 'East Timor', 'USD', 'TT', 'Dili', 'Oceania', 'OC', 'tet,pt-TL,id,en', 1966436),
(222, 'TM', 'Turkmenistan', 'TMT', 'TX', 'Ashgabat', 'Asia', 'AS', 'tk,ru,uz', 1218197),
(223, 'TN', 'Tunisia', 'TND', 'TS', 'Tunis', 'Africa', 'AF', 'ar-TN,fr', 2464461),
(224, 'TO', 'Tonga', 'TOP', 'TN', 'Nuku''alofa', 'Oceania', 'OC', 'to,en-TO', 4032283),
(225, 'TR', 'Turkey', 'TRY', 'TU', 'Ankara', 'Asia', 'AS', 'tr-TR,ku,diq,az,av', 298795),
(226, 'TT', 'Trinidad and Tobago', 'TTD', 'TD', 'Port of Spain', 'North America', 'NA', 'en-TT,hns,fr,es,zh', 3573591),
(227, 'TV', 'Tuvalu', 'AUD', 'TV', 'Funafuti', 'Oceania', 'OC', 'tvl,en,sm,gil', 2110297),
(228, 'TW', 'Taiwan', 'TWD', 'TW', 'Taipei', 'Asia', 'AS', 'zh-TW,zh,nan,hak', 1668284),
(229, 'TZ', 'Tanzania', 'TZS', 'TZ', 'Dodoma', 'Africa', 'AF', 'sw-TZ,en,ar', 149590),
(230, 'UA', 'Ukraine', 'UAH', 'UP', 'Kiev', 'Europe', 'EU', 'uk,ru-UA,rom,pl,hu', 690791),
(231, 'UG', 'Uganda', 'UGX', 'UG', 'Kampala', 'Africa', 'AF', 'en-UG,lg,sw,ar', 226074),
(232, 'UM', 'U.S. Minor Outlying Islands', 'USD', '', '', 'Oceania', 'OC', 'en-UM', 5854968),
(233, 'US', 'United States', 'USD', 'US', 'Washington', 'North America', 'NA', 'en-US,es-US,haw,fr', 6252001),
(234, 'UY', 'Uruguay', 'UYU', 'UY', 'Montevideo', 'South America', 'SA', 'es-UY', 3439705),
(235, 'UZ', 'Uzbekistan', 'UZS', 'UZ', 'Tashkent', 'Asia', 'AS', 'uz,ru,tg', 1512440),
(236, 'VA', 'Vatican City', 'EUR', 'VT', 'Vatican City', 'Europe', 'EU', 'la,it,fr', 3164670),
(237, 'VC', 'Saint Vincent and the Grenadines', 'XCD', 'VC', 'Kingstown', 'North America', 'NA', 'en-VC,fr', 3577815),
(238, 'VE', 'Venezuela', 'VEF', 'VE', 'Caracas', 'South America', 'SA', 'es-VE', 3625428),
(239, 'VG', 'British Virgin Islands', 'USD', 'VI', 'Road Town', 'North America', 'NA', 'en-VG', 3577718),
(240, 'VI', 'U.S. Virgin Islands', 'USD', 'VQ', 'Charlotte Amalie', 'North America', 'NA', 'en-VI', 4796775),
(241, 'VN', 'Vietnam', 'VND', 'VM', 'Hanoi', 'Asia', 'AS', 'vi,en,fr,zh,km', 1562822),
(242, 'VU', 'Vanuatu', 'VUV', 'NH', 'Port Vila', 'Oceania', 'OC', 'bi,en-VU,fr-VU', 2134431),
(243, 'WF', 'Wallis and Futuna', 'XPF', 'WF', 'Mata-Utu', 'Oceania', 'OC', 'wls,fud,fr-WF', 4034749),
(244, 'WS', 'Samoa', 'WST', 'WS', 'Apia', 'Oceania', 'OC', 'sm,en-WS', 4034894),
(245, 'XK', 'Kosovo', 'EUR', 'KV', 'Pristina', 'Europe', 'EU', 'sq,sr', 831053),
(246, 'YE', 'Yemen', 'YER', 'YM', 'Sanaa', 'Asia', 'AS', 'ar-YE', 69543),
(247, 'YT', 'Mayotte', 'EUR', 'MF', 'Mamoudzou', 'Africa', 'AF', 'fr-YT', 1024031),
(248, 'ZA', 'South Africa', 'ZAR', 'SF', 'Pretoria', 'Africa', 'AF', 'zu,xh,af,nso,en-ZA,tn,st,ts,ss,ve,nr', 953987),
(249, 'ZM', 'Zambia', 'ZMW', 'ZA', 'Lusaka', 'Africa', 'AF', 'en-ZM,bem,loz,lun,lue,ny,toi', 895949),
(250, 'ZW', 'Zimbabwe', 'ZWL', 'ZI', 'Harare', 'Africa', 'AF', 'en-ZW,sn,nr,nd', 878675);

-- --------------------------------------------------------

--
-- Table structure for table `apx_customer`
--

CREATE TABLE IF NOT EXISTS `apx_customer` (
  `customer_id` int(11) NOT NULL AUTO_INCREMENT,
  `accountNumber` int(11) NOT NULL,
  `accountType` enum('Cash','Credit') NOT NULL,
  `companyName` varchar(50) NOT NULL,
  `firstName` varchar(30) NOT NULL,
  `lastName` varchar(15) NOT NULL,
  `user_name` varchar(25) NOT NULL,
  `email` varchar(25) NOT NULL,
  `email2` varchar(25) NOT NULL,
  `phone` varchar(15) NOT NULL,
  `password` varchar(50) NOT NULL,
  `mobileNumber1` varchar(15) NOT NULL,
  `mobileNumber2` varchar(15) NOT NULL,
  `contactPerson` varchar(30) NOT NULL,
  `addressLine1` varchar(100) NOT NULL,
  `addressLine2` varchar(100) NOT NULL,
  `branch_id` int(11) NOT NULL,
  `countryCode` varchar(10) NOT NULL,
  `state` varchar(25) NOT NULL,
  `city` varchar(25) NOT NULL,
  `zipCode` varchar(15) NOT NULL,
  `created_date` datetime NOT NULL,
  `created_by` int(4) NOT NULL,
  `modified_date` datetime NOT NULL,
  `modified_by` int(4) NOT NULL,
  `status` int(4) NOT NULL,
  PRIMARY KEY (`customer_id`)
) ENGINE=InnoDB  DEFAULT CHARSET=latin1 AUTO_INCREMENT=100 ;

--
-- Dumping data for table `apx_customer`
--

INSERT INTO `apx_customer` (`customer_id`, `accountNumber`, `accountType`, `companyName`, `firstName`, `lastName`, `user_name`, `email`, `email2`, `phone`, `password`, `mobileNumber1`, `mobileNumber2`, `contactPerson`, `addressLine1`, `addressLine2`, `branch_id`, `countryCode`, `state`, `city`, `zipCode`, `created_date`, `created_by`, `modified_date`, `modified_by`, `status`) VALUES
(2, 441234, 'Cash', 'Courier Company 1', 'ABC', 'XYZ', 'abcxyz', 'xyz@apxintl.co.uk', 'xyz2@gmail.com', '00442081237919', 'e10adc3949ba59abbe56e057f20f883e', '00442081237919', '', 'Zack Fiturber', '1293 strre 5 sect4', '', 6, 'GB', 'London', 'London', 'UB2 4JR', '2016-10-17 15:59:26', 6, '0000-00-00 00:00:00', 0, -1),
(3, 4412342, 'Credit', 'Natural Herbs', 'APX', 'Ops', 'abcxyz', 'hsdh@apxintl.co.uk', 'zackds@apxintl.co.uk', '354301069508559', 'e10adc3949ba59abbe56e057f20f883e', '00442081237919', '', 'Zack Fiturber', '28 sheraton busness Centre', 'Essex', 6, 'GB', 'London', 'London', 'UB2 4JR', '2016-10-17 16:11:11', 6, '2016-10-20 10:35:45', 6, -1),
(4, 4001, 'Credit', 'TANGO TRADING', 'XYZ', 'ABC ', 'TANGO', 'tangotrading@gmail.com', 'tangotrading@gmail.com', '03338636704', 'e10adc3949ba59abbe56e057f20f883e', '03338636704', '03338636704', 'ABCXYZ', 'SIALKOT', 'MAIN SIALKOT ', 9, 'PK', 'PUNJAB', 'SIALKOT', '050000', '2016-10-21 14:43:05', 6, '2016-10-21 14:48:00', 6, 1),
(5, 4002, 'Credit', 'SELECT COURIER', 'ABC', 'XYZ', 'SELECT COURIER', 'mir333888@hotmail.com', 'INFO@sclectcourier.net', '03217132243', 'e10adc3949ba59abbe56e057f20f883e', '03217132243', '0524592243', 'ABCXYZ', 'SIALKOT ', 'MAIN SIALKOT ', 9, 'PK', 'PUNJAB', 'SIALKOT', '050000', '2016-10-21 14:55:12', 6, '2016-10-21 14:55:35', 6, 1),
(6, 4003, 'Credit', 'COURIER LINE', 'MUREED HUSSAIN', 'HUSSAIN ', 'COURIER LINE', 'clxskt@gmail.com', 'clxskt@gmail.com', '0524580626', 'e10adc3949ba59abbe56e057f20f883e', '03216147710', '0524591420', 'MUREED HUSSAIN ', 'SIALKOT', 'MAIN SIALKOT', 9, 'PK', 'PUNJAB', 'SIALKOT', '050000', '2016-10-21 14:57:25', 6, '2016-10-21 14:58:46', 6, 1),
(7, 4004, 'Credit', 'EXCELLENT COURIER', 'MUHAMMAD RASHEED', 'MUHAMMAD ', 'RASHEED', 'rasheed@excellent.com.pk', 'rasheed@excellent.com.pk', ' 03216123433', 'e10adc3949ba59abbe56e057f20f883e', '03006123433 ', '0523563432', 'RASHEED ', 'SIALKOT', 'MAIN SIALKOT', 9, 'PK', 'PUNJAB', 'SIALKOT', '050000', '2016-10-21 15:01:23', 6, '0000-00-00 00:00:00', 0, 1),
(8, 4005, 'Credit', 'AIRMAX', 'ZAHID', 'AIRMAX', 'ZAHID', 'airmaxcourier@gmail.com', 'airmaxcourier@gmail.com', '0300-6109948', 'e10adc3949ba59abbe56e057f20f883e', '0300-6109948', '0300-6109948', 'ZAHID', 'SIALKOT', 'MAIN SIALKOT', 9, 'PK', 'PUNJAB', 'SIALKOT', '050000', '2016-10-21 15:03:38', 6, '0000-00-00 00:00:00', 0, 1),
(9, 4006, 'Credit', 'SWIFT COURIER', 'HAMAD', 'FAHAD ', 'SWIFT COURIER', 'superswiftcourier@gmail.c', 'superswiftcourier@gmail.c', '03338780671', 'e10adc3949ba59abbe56e057f20f883e', '03338780671', '03338780671', 'HAMAD ', 'SIALKOT', 'MAIN SIALKOT', 9, 'PK', 'PUNJAB', 'SIALKOT', '050000', '2016-10-21 15:06:34', 6, '0000-00-00 00:00:00', 0, 1),
(10, 4007, 'Credit', 'FAST & FINE', 'NAEEM', 'NAEEM ', 'FAST & FINE', 'scadept@fastandfinecargao', 'scadept@fastandfinecargao', '0343-6792221', 'e10adc3949ba59abbe56e057f20f883e', '0343-6792221', '0343-6792221', 'NAEEM', 'SIALKOT', 'MAIN SIALKOT', 9, 'PK', 'PUNJAB', 'SIALKOT', '050000', '2016-10-21 15:10:55', 6, '2016-10-21 15:11:14', 6, 1),
(11, 4008, 'Credit', 'PDHS', 'FAROOQ BUT', 'FAROOQ BUT ', 'PDHS', 'shahzad_butt32@yahoo.com ', 'shahzad_butt32@yahoo.com ', '0300-9617929', 'e10adc3949ba59abbe56e057f20f883e', '0300-9617929', '0300-9617929', 'FAROOQ BUT ', 'SIALKOT', 'MAIN SIALKOT', 9, 'PK', 'PUNJAB', 'SIALKOT', '050000', '2016-10-21 15:15:06', 6, '0000-00-00 00:00:00', 0, 1),
(12, 4009, 'Credit', 'RKF', 'MUHAMMA FAIZ', 'FAIZ', 'RKF', 'rkfexpress@gmail.com', 'rkfexpress@gmail.com', '312 9617929', 'e10adc3949ba59abbe56e057f20f883e', ' 03059617929', '03009617929', 'FAIZ', 'SIALKOT', 'MAIN SIALKOT', 9, 'PK', 'PUNJAB', 'SIALKOT', '050000', '2016-10-21 15:17:39', 6, '0000-00-00 00:00:00', 0, 1),
(13, 4010, 'Credit', 'TRACHTEN GARMENTS', 'TRACHTEN GARMENTS', 'TRACHTEN GARMEN', 'TRACHTEN GARMENTS', 'info@trachtengarments.com', 'info@trachtengarments.com', '033448006081', 'e10adc3949ba59abbe56e057f20f883e', '033448006081', '033448006081', 'TRACHTEN GARMENTS', 'SIALKOT', 'MAIN SIALKOT', 9, 'PK', 'PUNJAB', 'SIALKOT', '050000', '2016-10-21 15:31:59', 6, '0000-00-00 00:00:00', 0, 1),
(14, 4011, 'Credit', 'HOPE COURIER', 'HOPE COURIER', 'HOPE COURIER', 'HOPE COURIER', 'adreeskhan456@gmail.com', 'adreeskhan456@gmail.com', '0321-6115323', 'e10adc3949ba59abbe56e057f20f883e', '03216115323', '03216115323', 'HOPE COURIER ', 'SIALKOT', 'MAIN SIALKOT', 9, 'PK', 'PUNJAB', 'SIALKOT', '050000', '2016-10-21 15:35:41', 6, '0000-00-00 00:00:00', 0, 1),
(15, 4012, 'Credit', 'MEC', 'MEC', 'MEC ', 'MEC', 'mecskt@gmail.com', 'mecskt@gmail.com', '03006102462', 'e10adc3949ba59abbe56e057f20f883e', '03006102462', '03006102462', 'MEC', 'SIALKOT', 'MAIN SIALKOT', 9, 'PK', 'PUNJAB', 'SIALKOT', '050000', '2016-10-21 15:37:46', 6, '0000-00-00 00:00:00', 0, 1),
(16, 4013, 'Credit', 'AMEER HAMZA', 'AMEER HAMZA', 'AMEER HAMZA ', 'AMEER HAMZA', 'ameer.hamzzaa@gmail.com', 'ameer.hamzzaa@gmail.com', '03218710608', 'e10adc3949ba59abbe56e057f20f883e', '03218710608', '03218710608', 'AMEER HAMZA ', 'SIALKOT', 'MAIN SIALKOT', 9, 'PK', 'PUNJAB', 'SIALKOT', '050000', '2016-10-21 15:39:29', 6, '0000-00-00 00:00:00', 0, 1),
(17, 4014, 'Credit', 'ACS', 'MIAN IRFAN', 'MIAN IRFAN', 'ACS', 'acs.intl221@gmail.com', 'acs.intl221@gmail.com', '0321-6101207', 'e10adc3949ba59abbe56e057f20f883e', '0321-6101207', '0321-6101207', 'MAIN IRFAN', 'SIALKOT', 'MAIN SIALKOT', 9, 'PK', 'PUNJAB', 'SIALKOT', '050000', '2016-10-24 12:37:05', 6, '0000-00-00 00:00:00', 0, 1),
(18, 4016, 'Credit', 'GULBERG FASHION', 'GULBERG FASHION', 'GULBERG FASHION', 'GULBERG FASHION', 'gulbergfashion@yahoo.com', 'gulbergfashion@yahoo.com', '0524590828', 'e10adc3949ba59abbe56e057f20f883e', '0524586348', '0524586348', 'GULBERG FASHION', 'SIALKOT', 'MAIN SIALKOT', 9, 'PK', 'PUNJAB', 'SIALKOT', '050000', '2016-10-24 13:07:10', 6, '0000-00-00 00:00:00', 0, 1),
(19, 4017, 'Credit', 'KALEEM', 'KALEEM', 'KALEEM', 'KALEEM', 'FASTHAWK4@gmail.com', 'FASTHAWK4@gmail.com', '3007125100', 'e10adc3949ba59abbe56e057f20f883e', '3007125100', '3007125100', 'KALEEM', 'SIALKOT', 'MAIN SIALKOT', 9, 'PK', 'PUNJAB', 'SIALKOT', '050000', '2016-10-24 13:22:10', 6, '0000-00-00 00:00:00', 0, 1),
(20, 4018, 'Credit', 'UNIQUE GYM', 'UNIQUE GYM', 'UNIQUE GYM', 'UNIQUE GYM', 'uniquegymwear@gmail.com', 'uniquegymwear@gmail.com', '3063227149', 'e10adc3949ba59abbe56e057f20f883e', '3063227149', '3063227149', 'UNIQUE GYM', 'SIALKOT', 'MAIN SIALKOT', 9, 'PK', 'PUNJAB', 'SIALKOT', '050000', '2016-10-24 13:25:47', 6, '0000-00-00 00:00:00', 0, 1),
(21, 4019, 'Credit', 'SPEED WELL', 'SPEED WELL', 'SPEED WELL', 'SPEED WELL', 'speedwell.skt@gmail.com', 'speedwell.skt@gmail.com', '0300-7541635', 'e10adc3949ba59abbe56e057f20f883e', '0300-7541635', '0300-7541635', 'SPEED WELL ', 'SIALKOT', 'MAIN SIALKOT', 9, 'PK', 'PUNJAB', 'SIALKOT', '050000', '2016-10-24 13:28:08', 6, '0000-00-00 00:00:00', 0, 1),
(22, 4020, 'Credit', 'AYMAN IMPEX', 'AYMAN IMPEX', 'AYMAN IMPEX ', 'AYMAN IMPEX', 'aymansoccer@gmail.com', 'aymansoccer@gmail.com', '3086156799', 'e10adc3949ba59abbe56e057f20f883e', '3086156799', '3086156799', 'AYMAN IMPEX ', 'SIALKOT', 'MAIN SIALKOT', 9, 'PK', 'PUNJAB', 'SIALKOT', '050000', '2016-10-24 13:29:48', 6, '0000-00-00 00:00:00', 0, 1),
(23, 4021, 'Credit', 'BILAL', 'BILAL', 'BILAL ', 'BILAL', 'sales.apx@outlook.com', 'hafizmuhammadbilal@msn.co', '', 'e10adc3949ba59abbe56e057f20f883e', '3008404421', '3008404421', 'BILAL', 'SIALKOT', 'MAIN SIALKOT', 9, 'PK', 'PUNJAB', 'SIALKOT', '050000', '2016-10-24 13:32:09', 6, '0000-00-00 00:00:00', 0, 1),
(24, 4022, 'Credit', 'WINNERS INTL', 'WINNERS INTL', 'WINNERS INTL', 'WINNERS INTL', 'info@winnersin.com', 'info@winnersin.com', '3009619253', 'e10adc3949ba59abbe56e057f20f883e', '3009619253', '3009619253', 'WINNERS INTL ', 'SIALKOT', 'MAIN SIALKOT', 9, 'PK', 'PUNJAB', 'SIALKOT', '050000', '2016-10-24 13:33:49', 6, '0000-00-00 00:00:00', 0, 1),
(25, 4023, 'Credit', 'MOTO SPORTS', 'MOTO SPORTS', 'MOTO SPORTS ', 'MOTO SPORTS', 'ceoduma@gmail.com', 'ceoduma@gmail.com', '3348101985', 'e10adc3949ba59abbe56e057f20f883e', '3348101985', '3348101985', 'MOTO SPORTS ', 'SIALKOT', 'MAIN SIALKOT', 9, 'PK', 'PUNJAB', 'SIALKOT', '050000', '2016-10-24 13:35:16', 6, '0000-00-00 00:00:00', 0, 1),
(26, 4024, 'Credit', 'NAVEED ISHAQ', 'NAVEED ISHAQ', 'NAVEED ISHAQ ', 'NAVEED ISHAQ', 'hamsteadintl@gmail.com', 'hamsteadintl@gmail.com', '3006136259', 'e10adc3949ba59abbe56e057f20f883e', '3006136259', '3006136259', 'NAVEED ISHAQ ', 'SIALKOT', 'MAIN SIALKOT', 9, 'PK', 'PUNJAB', 'SIALKOT', '050000', '2016-10-25 13:20:49', 6, '0000-00-00 00:00:00', 0, 1),
(27, 4025, 'Credit', 'MIAN IRFAN', 'MIAN IRFAN', 'MIAN IRFAN', 'MIAN IRFAN', 'mirfanapxintl.skt@gmail.c', 'mirfanapxintl.skt@gmail.c', '0307-6147473', 'e10adc3949ba59abbe56e057f20f883e', '0322-7344868', '0322-7344868', 'MIAN IRFAN', 'SIALKOT', 'MAIN SIALKOT', 9, 'PK', 'PUNJAB', 'SIALKOT', '050000', '2016-10-25 13:25:14', 6, '0000-00-00 00:00:00', 0, 1),
(28, 4026, 'Credit', 'MEHBOOB ACS', 'MEHBOOB ACS', 'MEHBOOB ACS', 'MEHBOOB ACS', 'caredeliverycompany@gmail', 'caredeliverycompany@gmail', '03008515888', 'e10adc3949ba59abbe56e057f20f883e', '03008515888', '03008515888', 'MEHBOOB ACS ', 'SIALKOT', 'MAIN SIALKOT', 9, 'PK', 'PUNJAB', 'SIALKOT', '050000', '2016-10-25 13:27:43', 6, '0000-00-00 00:00:00', 0, 1),
(29, 4027, 'Credit', 'IMRAN DASKA', 'IMRAN DASKA', 'IMRAN DASKA', 'IMRAN DASKA', 'imranvesco@gmail.com', 'imranvesco@gmail.com', '03006464270', 'e10adc3949ba59abbe56e057f20f883e', '03006464270', '03006464270', 'IMRAN DASKA ', 'SIALKOT', 'MAIN SIALKOT', 9, 'PK', 'PUNJAB', 'SIALKOT', '050000', '2016-10-25 13:29:35', 6, '0000-00-00 00:00:00', 0, 1),
(30, 4028, 'Credit', 'ALI QUALITY', 'ALI QUALITY', 'ALI QUALITY', 'ALI QUALITY', 'aliqualityind@gmail.com', 'aliqualityind@gmail.com', '03466553340', 'e10adc3949ba59abbe56e057f20f883e', '03466553340', '03466553340', 'ALI QUALITY ', 'SIALKOT', 'MAIN SIALKOT', 9, 'PK', 'PUNJAB', 'SIALKOT', '050000', '2016-10-25 13:30:53', 6, '0000-00-00 00:00:00', 0, 1),
(31, 4029, 'Credit', 'BOBBIN', 'BOBBIN', 'BOBBIN ', 'BOBBIN', ' afzalapx@gmail.com', ' afzalapx@gmail.com', '03016363363', 'e10adc3949ba59abbe56e057f20f883e', '03016363363', '03016363363', 'BOBBIN', 'SIALKOT', 'MAIN SIALKOT', 9, 'PK', 'PUNJAB', 'SIALKOT', '050000', '2016-10-25 13:32:38', 6, '0000-00-00 00:00:00', 0, 1),
(32, 4030, 'Credit', 'HAMMAD SHAH', 'HAMMAD SHAH', 'HAMMAD SHAH', 'HAMMAD SHAH', '000', '0000', '03317591212', 'e10adc3949ba59abbe56e057f20f883e', '03216179730', '03216179730', 'HAMMAD SHAH', 'SIALKOT', 'MAIN SIALKOT', 9, 'PK', 'PUNJAB', 'SIALKOT', '050000', '2016-10-25 13:34:14', 6, '0000-00-00 00:00:00', 0, 1),
(33, 4031, 'Credit', 'ARMOUR ARENA', 'ARMOUR ARENA', 'ARMOUR ARENA', 'ARMOUR ARENA', 'armorarena@gmail.com', 'armorarena@gmail.com', '03216161715', 'e10adc3949ba59abbe56e057f20f883e', '03447111444', '03447111444', 'ARMOUR AREANA', 'SIALKOT', 'MAIN SIALKOT', 9, 'PK', 'PUNJAB', 'SIALKOT', '050000', '2016-10-25 13:35:35', 6, '0000-00-00 00:00:00', 0, 1),
(34, 4032, 'Credit', 'MIAN IRFAN', 'MIAN IRFAN', 'MIAN IRFAN ', 'MIAN IRFAN', 'mirfanapxintl.skt@gmail.c', 'mirfanapxintl.skt@gmail.c', '0307-6147473', 'e10adc3949ba59abbe56e057f20f883e', '0322-7344868', '0322-7344868', 'MIAN IRFAN ', 'SIALKOT', 'MAIN SIALKOT', 9, 'PK', 'PUNJAB', 'SIALKOT', '050000', '2016-10-25 13:37:06', 6, '0000-00-00 00:00:00', 0, 1),
(35, 4033, 'Credit', 'MEGA SPORTS', 'MEGA SPORTS', 'MEGA SPORTS', 'MEGA SPORTS', 'megapaintballintl@gmail.c', 'megapaintballintl@gmail.c', '03216143887', 'e10adc3949ba59abbe56e057f20f883e', '03216143887', '03216143887', 'MEGA SPORTS', 'SIALKOT', 'MAIN SIALKOT', 9, 'PK', 'PUNJAB', 'SIALKOT', '050000', '2016-10-25 13:38:55', 6, '0000-00-00 00:00:00', 0, 1),
(36, 4034, 'Credit', 'MEX WORLD WIDE', 'MEX WORLD WIDE', 'MEX WORLD WIDE', 'MEX WORLD WIDE', 'mubashir@mexworldwide.pk', 'mubashir@mexworldwide.pk', '03004615408', 'e10adc3949ba59abbe56e057f20f883e', '03004615408', '03004615408', 'MEX WORLD WIDE', 'SIALKOT', 'MAIN SIALKOT', 9, 'PK', 'PUNJAB', 'SIALKOT', '050000', '2016-10-25 13:41:59', 6, '0000-00-00 00:00:00', 0, 1),
(37, 4035, 'Credit', 'MARAFIE UNITED', 'MARAFIE UNITED', 'MARAFIE UNITED ', 'MARAFIE UNITED', 'marfie.united@gmail.com', 'marfie.united@gmail.com', '03367121947', 'e10adc3949ba59abbe56e057f20f883e', '03367121947', '03367121947', 'MARAFIE UNITED', 'SIALKOT', 'MAIN SIALKOT', 9, 'PK', 'PUNJAB', 'SIALKOT', '050000', '2016-10-26 05:53:25', 6, '0000-00-00 00:00:00', 0, 1),
(38, 4036, 'Credit', 'PACK& SHIP', 'PACK& SHIP', 'PACK& SHIP', 'PACK& SHIP', 'packnship7@gmail.com', 'packnship7@gmail.com', '03338686890', 'e10adc3949ba59abbe56e057f20f883e', '03338686890', '03338686890', 'PACK & SHIP', 'SIALKOT', 'MAIN SIALKOT', 9, 'PK', 'PUNJAB', 'SIALKOT', '050000', '2016-10-26 05:57:41', 6, '0000-00-00 00:00:00', 0, 1),
(39, 4037, 'Credit', 'NEW USMAN CHEEMA FED & DHL', 'NEW USMAN CHEEMA FED & DHL', 'NEW USMAN CHEEM', 'NEW USMAN CHEEMA FED & DH', ' manager.tpu@hotmail.com', 'courier.xpert@gmail.com', '03446458881', 'e10adc3949ba59abbe56e057f20f883e', '03446458881', '03446458881', 'NEW USMAN CHEEMA FED & DHL', 'SIALKOT', 'MAIN SIALKOT', 9, 'PK', 'PUNJAB', 'SIALKOT', '050000', '2016-10-26 11:38:46', 6, '0000-00-00 00:00:00', 0, 1),
(40, 4038, 'Credit', 'SPIKY INT', 'SPIKY INT', 'SPIKY INT ', 'SPIKY INT', ' info@spikysport.com', 'spikysports@gmail.com', '03009619097', 'e10adc3949ba59abbe56e057f20f883e', '03009619097', '03009619097', 'SPIKY INT ', 'SIALKOT', 'MAIN SIALKOT', 9, 'PK', 'PUNJAB', 'SIALKOT', '050000', '2016-10-26 11:40:30', 6, '0000-00-00 00:00:00', 0, 1),
(41, 4039, 'Credit', 'HAFIZ NASIR', 'HAFIZ NASIR', 'HAFIZ NASIR ', 'HAFIZ NASIR', 'hafiznasirali91@gmail.com', 'hafiznasirali91@gmail.com', '03476085136', 'e10adc3949ba59abbe56e057f20f883e', '03476085136', '03476085136', 'HAFIZ NASIR ', 'SIALKOT', 'MAIN SIALKOT', 9, 'PK', 'PUNJAB', 'SIALKOT', '050000', '2016-10-26 11:41:50', 6, '0000-00-00 00:00:00', 0, 1),
(42, 4041, 'Credit', 'GROTTO INTL', 'GROTTO INTL', 'GROTTO INTL', 'GROTTO INTL', '000', '0000', '0092-334-170777', 'e10adc3949ba59abbe56e057f20f883e', '0092-3551516', '0092-3551516', 'GROTTO INTL', 'SIALKOT', 'MAIN SIALKOT', 9, 'PK', 'PUNJAB', 'SIALKOT', '050000', '2016-10-26 11:45:42', 6, '0000-00-00 00:00:00', 0, 1),
(43, 4042, 'Credit', 'WELL STUFF', 'WELL STUFF', 'WELL STUFF', 'WELL STUFF', ' afzalapx@gmail.com', ' afzalapx@gmail.com', ' 0301-6363363', 'e10adc3949ba59abbe56e057f20f883e', ' 0301-6363363', ' 0301-6363363', 'WELL STUFF', 'SIALKOT', 'MAIN SIALKOT', 9, 'PK', 'PUNJAB', 'SIALKOT', '050000', '2016-10-26 11:47:08', 6, '0000-00-00 00:00:00', 0, 1),
(44, 4043, 'Credit', 'WAQAS CHEEMA', 'WAQAS CHEEMA', 'WAQAS CHEEMA', 'WAQAS CHEEMA', 'waqashassan265@gmail.com', 'waqashassan265@gmail.com', '0300-6420162', 'e10adc3949ba59abbe56e057f20f883e', '0300-6420162', '0300-6420162', 'WAQAS CHEEMA', 'SIALKOT', 'MAIN SIALKOT', 9, 'PK', 'PUNJAB', 'SIALKOT', '050000', '2016-10-26 11:48:50', 6, '0000-00-00 00:00:00', 0, 1),
(45, 4040, 'Credit', 'QN ENTERPRISES', 'QN ENTERPRISES', 'QN ENTERPRISES', 'QN ENTERPRISES', 'smackboxing@yahoo.com', 'smackboxing@yahoo.com', '0333-3253379', 'e10adc3949ba59abbe56e057f20f883e', '0333-3253379', '0333-3253379', 'QN ENTERPRISES', 'SIALKOT', 'MAIN SIALKOT', 9, 'PK', 'PUNJAB', 'SIALKOT', '050000', '2016-10-26 11:50:44', 6, '0000-00-00 00:00:00', 0, 1),
(46, 4044, 'Credit', 'RABEEL RRS', 'RABEEL RRS', ' RABEEL RRS', 'RABEEL RRS', '000', '000', '0345-9265551', 'c6f057b86584942e415435ffb1fa93d4', '0345-9265551', '0345-9265551', 'RABEEL RRS', 'SIALKOT', 'MAIN SIALKOT', 9, 'PK', 'PUNJAB', 'SIALKOT', '050000', '2016-10-26 11:52:31', 6, '0000-00-00 00:00:00', 0, 1),
(47, 4045, 'Credit', 'SWIFT SPORTS', 'SWIFT SPORTS', 'SWIFT SPORTS ', 'SWIFT SPORTS', '  yasir@swiftsports.com.p', '  yasir@swiftsports.com.p', '0313 3363737', 'e10adc3949ba59abbe56e057f20f883e', '0092524592303', ' 0092524598034', 'SWIFT SPORTS ', 'SIALKOT', 'MAIN SIALKOT', 9, 'PK', 'PUNJAB', 'SIALKOT', '050000', '2016-10-26 11:54:14', 6, '0000-00-00 00:00:00', 0, 1),
(48, 4046, 'Credit', 'Shaheen - E - Millat', 'Shaheen - E - Millat', 'Shaheen - E - M', 'Shaheen - E - Millat', ' afzalapx@gmail.com', ' afzalapx@gmail.com', ' 0301-6363363', 'e10adc3949ba59abbe56e057f20f883e', '03016363363', '03016363363', 'SHAHEEN E MILLAT', 'SIALKOT', 'MAIN SIALKOT', 9, 'PK', 'PUNJAB', 'SIALKOT', '050000', '2016-10-26 11:56:58', 6, '0000-00-00 00:00:00', 0, 1),
(49, 4047, 'Credit', 'MRS SALEH SADDIQUE', 'MRS SALEH SADDIQUE', 'MRS SALEH SADDI', 'MRS SALEH SADDIQUE', 'salehasiddiqui97@gmail.co', 'salehasiddiqui97@gmail.co', '001-15125861947', 'e10adc3949ba59abbe56e057f20f883e', '001-1525861947', '001-1525861947', 'MRS SALEH SADDIQUE ', 'SIALKOT', 'MAIN SIALKOT', 9, 'PK', 'PUNJAB', 'SIALKOT', '050000', '2016-10-26 11:58:33', 6, '0000-00-00 00:00:00', 0, 1),
(50, 4048, 'Credit', 'ASR LOGISTIC', 'ASR LOGISTIC', 'ASR LOGISTIC', 'ASR LOGISTIC', 'arqureshi30@yahoo.com', 'info@asrlogistics.com', '052-3247711', 'e10adc3949ba59abbe56e057f20f883e', ' 052-3572072', ' 052-3572072', 'ASR LOGISTIC', 'SIALKOT', 'MAIN SIALKOT', 9, 'PK', 'PUNJAB', 'SIALKOT', '050000', '2016-10-26 12:00:10', 6, '0000-00-00 00:00:00', 0, 1),
(51, 4050, 'Credit', 'FAWAD SKT', 'FAWAD SKT', 'FAWAD SKT', 'FAWAD SKT', '000', '000', '0331-6698782', 'c6f057b86584942e415435ffb1fa93d4', '0331-6698782', '0331-6698782', ' FAWAD SKT ', '0331-6698782', 'MAIN SIALKOT', 9, 'PK', 'PUNJAB', 'SIALKOT', '050000', '2016-10-26 12:03:41', 6, '0000-00-00 00:00:00', 0, 1),
(52, 4051, 'Credit', 'EURO CLUB', 'EURO CLUB', 'EURO CLUB', 'EURO CLUB', '000', '000', '0345-5313100', 'c6f057b86584942e415435ffb1fa93d4', '0345-5313100', '0345-5313100', 'EURO CLUB ', 'SIALKOT', 'MAIN SIALKOT', 9, 'PK', 'PUNJAB', 'SIALKOT', '050000', '2016-10-27 10:06:34', 6, '0000-00-00 00:00:00', 0, 1),
(53, 4052, 'Credit', 'HASSAN ASKRI BANK', 'HASSAN ASKRI BANK', 'HASSAN ASKRI BA', 'HASSAN ASKRI BANK', '000', '000', '000', 'c6f057b86584942e415435ffb1fa93d4', '000', '000', 'HASSAN ASKRI BANK ', 'SIALKOT', 'MAIN SIALKOT', 9, 'PK', 'PUNJAB', 'SIALKOT', '050000', '2016-10-27 10:07:44', 6, '0000-00-00 00:00:00', 0, 1),
(54, 4053, 'Credit', 'TARIQ MEHMOD', 'TARIQ MEHMOD', 'TARIQ MEHMOD', 'TARIQ MEHMOD', '000', '000', '0303-4693924', 'c6f057b86584942e415435ffb1fa93d4', '0303-4693924', '0303-4693924', 'TARIQ MEHMOOD', 'SIALKOT', 'MAIN SIALKOT', 9, 'PK', 'PUNJAB', 'SIALKOT', '050000', '2016-10-27 10:09:14', 6, '0000-00-00 00:00:00', 0, 1),
(55, 4054, 'Credit', 'ALI IMRAN BUTT', 'ALI IMRAN BUTT', 'ALI IMRAN BUTT', 'ALI IMRAN BUTT', 'citi.express1@gmail.com', 'citi.express1@gmail.com', '03066669634', 'e10adc3949ba59abbe56e057f20f883e', '03317166773', '03317166773', 'ALI IMRAN BUTT', 'SIALKOT', 'MAIN SIALKOT', 9, 'PK', 'PUNJAB', 'SIALKOT', '050000', '2016-10-27 10:10:35', 6, '0000-00-00 00:00:00', 0, 1),
(56, 4055, 'Credit', 'SHILLS INT NEW ACCOUNT', 'SHILLS INT NEW ACCOUNT', 'SHILLS INT NEW ', 'SHILLS INT NEW ACCOUNT', '000', '000', '0300-6107384', 'c6f057b86584942e415435ffb1fa93d4', '0300-6107384', '0300-6107384', 'SHILLS INT NEW ACCOUNT', 'SIALKOT', 'MAIN SIALKOT', 9, 'PK', 'PUNJAB', 'SIALKOT', '050000', '2016-10-27 10:12:11', 6, '0000-00-00 00:00:00', 0, 1),
(57, 4056, 'Credit', 'ARDOUR CRAFTS', 'ARDOUR CRAFTS', 'ARDOUR CRAFTS', 'ARDOUR CRAFTS', '000', '000', '052-3577377', 'c6f057b86584942e415435ffb1fa93d4', '052-3577377', '0344-444406', 'ARDOUR CARAFTS ', 'SIALKOT', 'MAIN SIALKOT', 9, 'PK', 'PUNJAB', 'SIALKOT', '050000', '2016-10-27 10:13:45', 6, '0000-00-00 00:00:00', 0, 1),
(58, 4057, 'Credit', 'LAS VEGAS', 'LAS VEGASQ', 'LAS VEGAS', 'LAS VEGAS', '000', '000', '0300-6191080', 'c6f057b86584942e415435ffb1fa93d4', '0300-3776199', '0300-3776199', 'LAS VEGAS ', 'SIALKOT', 'MAIN SIALKOT', 9, 'PK', 'PUNJAB', 'SIALKOT', '050000', '2016-10-27 10:15:16', 6, '0000-00-00 00:00:00', 0, 1),
(59, 4058, 'Credit', 'GOLD TOUCH', 'GOLD TOUCH', 'GOLD TOUCH', 'GOLD TOUCH', '000', '000', '0334-8058082', 'c6f057b86584942e415435ffb1fa93d4', '0334-8058082', '0334-8058082', 'GOLD TOUCH', 'SIALKOT', 'MAIN SIALKOT', 9, 'PK', 'PUNJAB', 'SIALKOT', '050000', '2016-10-27 10:16:40', 6, '0000-00-00 00:00:00', 0, 1),
(60, 4059, 'Credit', 'AL ZERQI INTERNATIONAL', 'AL ZERQI INTERNATIONAL', 'AL ZERQI INTERN', 'AL ZERQI INTERNATIONAL', '000', '000', '0321-6184134', 'c6f057b86584942e415435ffb1fa93d4', '0321-6184134', '0321-6184134', 'AL ZERQI INTERNATIONAL', 'SIALKOT', 'MAIN SIALKOT', 9, 'PK', 'PUNJAB', 'SIALKOT', '050000', '2016-10-27 10:17:45', 6, '0000-00-00 00:00:00', 0, 1),
(61, 4060, 'Credit', 'B4U IMPEX', 'B4U IMPEX', 'B4U IMPEX', 'B4U IMPEX', '000', '000', '0300-6169106', 'c6f057b86584942e415435ffb1fa93d4', '0300-6169106', '0300-6169106', 'B4U IMPEX', 'SIALKOT', 'MAIN SIALKOT', 9, 'PK', 'PUNJAB', 'SIALKOT', '050000', '2016-10-27 10:20:43', 6, '0000-00-00 00:00:00', 0, 1),
(62, 4061, 'Credit', 'MICRO INT', 'MICRO INT', 'MICRO INT', 'MICRO INT', '000', '000', '052-3250455', 'c6f057b86584942e415435ffb1fa93d4', '0300-6156941', '0300-6156941', 'MICRO INT ', 'SIALKOT', 'MAIN SIALKOT', 9, 'PK', 'PUNJAB', 'SIALKOT', '050000', '2016-10-27 10:22:38', 6, '0000-00-00 00:00:00', 0, 1),
(63, 4062, 'Credit', 'EAGLE VEW NEW ACCOUNT', 'EAGLE VEW NEW ACCOUNT', 'EAGLE VEW NEW A', 'EAGLE VEW NEW ACCOUNT', '000', '000', '0321-610030', 'c6f057b86584942e415435ffb1fa93d4', '0321-610030', '0321-610030', 'EAGLE VEW NEW ACCOUNT', 'SIALKOT', 'MAIN SIALKOT', 9, 'PK', 'PUNJAB', 'SIALKOT', '050000', '2016-10-27 10:25:43', 6, '0000-00-00 00:00:00', 0, 1),
(64, 4063, 'Credit', 'KUKET SURGICAL', 'KUKET SURGICAL', 'KUKET SURGICAL', 'KUKET SURGICAL', '000', '000', '0321-6151850', 'c6f057b86584942e415435ffb1fa93d4', '0321-6151850', '0321-6151850', 'KUKET SURGICAL ', 'SIALKOT', 'MAIN SIALKOT', 9, 'PK', 'PUNJAB', 'SIALKOT', '050000', '2016-10-27 10:27:39', 6, '0000-00-00 00:00:00', 0, 1),
(65, 4064, 'Credit', 'SKINER SPORTS', 'SKINER SPORTS', 'SKINER SPORTS', 'SKINER SPORTS', '000', '000', '0305-8611316', 'c6f057b86584942e415435ffb1fa93d4', '0305-8611316', '0305-8611316', 'SKINER SPORTS ', 'SIALKOT', 'MAIN SIALKOT', 9, 'PK', 'PUNJAB', 'SIALKOT', '050000', '2016-10-27 11:16:48', 6, '0000-00-00 00:00:00', 0, 1),
(66, 4066, 'Credit', 'LIEM IND', 'LIEM IND', 'LIEM IND', 'LIEM IND', '000', '000', '0333-8615196', 'c6f057b86584942e415435ffb1fa93d4', '0333-8615196', '0333-8615196', 'LIEM IND', 'SIALKOT', 'MAIN SIALKOT', 9, 'PK', 'PUNJAB', 'SIALKOT', '050000', '2016-10-27 11:18:31', 6, '0000-00-00 00:00:00', 0, 1),
(67, 4067, 'Credit', 'SUBMISSION ENTP', 'SUBMISSION ENTP', 'SUBMISSION ENTP', 'SUBMISSION ENTP', '000', '00000', ' 0324-6104002', 'c6f057b86584942e415435ffb1fa93d4', ' 0324-6104002', ' 0324-6104002', 'SUBMISSION ENTP', 'SIALKOT', 'MAIN SIALKOT', 9, 'PK', 'PUNJAB', 'SIALKOT', '050000', '2016-10-27 11:20:29', 6, '0000-00-00 00:00:00', 0, 1),
(68, 4068, 'Credit', 'SINGLE STAR', 'SINGLE STAR', 'SINGLE STAR', 'SINGLE STAR', ' INFO@SS-TRADER.COM', 'UMAIR@SS-TRADER.COM', '0321-6154265', 'e10adc3949ba59abbe56e057f20f883e', '052-4591208', '052-4591208', 'SINGLE STAR ', 'SIALKOT', 'MAIN SIALKOT', 9, 'PK', 'PUNJAB', 'SIALKOT', '050000', '2016-10-27 11:24:19', 6, '0000-00-00 00:00:00', 0, 1),
(69, 4069, 'Credit', 'RIZWAN SALMAN', 'RIZWAN SALMAN', 'RIZWAN SALMAN', 'RIZWAN SALMAN', '000', '000', ' 0334-4559105', 'c6f057b86584942e415435ffb1fa93d4', ' 0334-4559105', ' 0334-4559105', 'RIZWAN SALMAN', 'SIALKOT', 'MAIN SIALKOT', 9, 'PK', 'PUNJAB', 'SIALKOT', '050000', '2016-10-27 12:26:52', 6, '0000-00-00 00:00:00', 0, 1),
(70, 4070, 'Credit', 'OMAX INTL', 'OMAX INTL', 'OMAX INTL', 'OMAX INTL', '000', '000', ' 0346-6673705', 'c6f057b86584942e415435ffb1fa93d4', ' 0346-6673705', ' 0346-6673705', 'OMAX INTL', 'SIALKOT', 'MAIN SIALKOT', 9, 'PK', 'PUNJAB', 'SIALKOT', '050000', '2016-10-27 12:28:12', 6, '0000-00-00 00:00:00', 0, 1),
(71, 4071, 'Credit', 'SH EAGLET', 'SH EAGLET', 'SH EAGLET', 'SH EAGLET', '000', '000', ' 0333-8648541', 'c6f057b86584942e415435ffb1fa93d4', ' 0333-8648541', ' 0333-8648541', 'SH EAGLET', 'SIALKOT', 'MAIN SIALKOT', 9, 'PK', 'PUNJAB', 'SIALKOT', '050000', '2016-10-27 12:29:31', 6, '0000-00-00 00:00:00', 0, 1),
(72, 4072, 'Credit', 'PINE IMPEX', 'PINE IMPEX', 'PINE IMPEX', 'PINE IMPEX', '000', '000', '0525567415', 'c6f057b86584942e415435ffb1fa93d4', ' 052-4595233', ' 052-4595233', 'PINE IMPEX ', 'SIALKOT', 'MAIN SIALKOT', 9, 'PK', 'PUNJAB', 'SIALKOT', '050000', '2016-10-27 12:31:01', 6, '0000-00-00 00:00:00', 0, 1),
(73, 4073, 'Credit', 'RUHMA IMPEX', 'RUHMA IMPEX', 'RUHMA IMPEX', 'RUHMA IMPEX', '000', '000', '0321-7126427', 'c6f057b86584942e415435ffb1fa93d4', '0321-7126427', '0321-7126427', 'RUHMA IMPEX ', 'SIALKOT', 'MAIN SIALKOT', 9, 'PK', 'PUNJAB', 'SIALKOT', '050000', '2016-10-27 12:32:51', 6, '0000-00-00 00:00:00', 0, 1),
(74, 4074, 'Credit', 'GOLF & SPORTS', 'GOLF & SPORTS', 'GOLF & SPORTS', 'GOLF & SPORTS', '000', '000', '000', 'c6f057b86584942e415435ffb1fa93d4', '0333-8663977', '0333-8663977', 'GOLG & SPORTS ', 'SIALKOT', 'MAIN SIALKOT', 8, 'PK', 'PUNJAB', 'SIALKOT', '050000', '2016-10-27 12:34:29', 6, '0000-00-00 00:00:00', 0, 1),
(75, 4075, 'Credit', ' Rafay Industries', ' Rafay Industries', ' Rafay Industri', ' Rafay Industries', '000', '000', '0321-6183333.', 'c6f057b86584942e415435ffb1fa93d4', '0321-6183333.', '0321-6183333.', 'RAFAY INDUSTRIES ', '', '', 9, 'PK', '', '', '', '2016-10-27 12:37:36', 6, '0000-00-00 00:00:00', 0, 1),
(76, 4076, 'Credit', 'NAUROZ SPORTS', 'NAUROZ SPORTS', 'NAUROZ SPORTS', 'NAUROZ SPORTS', '000', '000', '0331-6120342', 'c6f057b86584942e415435ffb1fa93d4', '0331-6120342', '0331-6120342', 'NAUROZ SPORTS ', 'SIALKOT', 'MAIN SIALKOT', 9, 'PK', 'PUNJAB', 'SIALKOT', '050000', '2016-10-28 08:25:42', 6, '0000-00-00 00:00:00', 0, 1),
(77, 4077, 'Credit', 'PAK ASIA MANUFACTURING', 'PAK ASIA MANUFACTURING', 'PAK ASIA MANUFA', 'PAK ASIA MANUFACTURING', '000', '000', '0523300250', 'c6f057b86584942e415435ffb1fa93d4', '0524588896', '0524588896', 'PAK ASIA MANUFACTURING', 'SIALKOT', 'MAIN SIALKOT', 9, 'PK', 'PUNJAB', 'SIALKOT', '050000', '2016-10-28 08:27:32', 6, '0000-00-00 00:00:00', 0, 1),
(78, 4079, 'Credit', 'OMER NASIR', 'OMER NASIR', 'OMER NASIR', 'OMER NASIR', '000', '000', '0300-6143460', 'c6f057b86584942e415435ffb1fa93d4', '0300-6143460', '0300-6143460', 'OMER NASIR', 'SIALKOT', 'MAIN SIALKOT', 9, 'PK', 'PUNJAB', 'SIALKOT', '050000', '2016-10-28 08:42:34', 6, '0000-00-00 00:00:00', 0, 1),
(79, 4080, 'Credit', 'DFN GROUP', 'DFN GROUP', 'DFN GROUP', 'DFN GROUP', '000', '000', '03338657622', 'c6f057b86584942e415435ffb1fa93d4', '03338657622', '03338657622', 'DFN GROUP', 'SIALKOT', 'MAIN SIALKOT', 9, 'PK', 'PUNJAB', 'SIALKOT', '050000', '2016-10-28 09:21:28', 6, '0000-00-00 00:00:00', 0, 1),
(80, 4081, 'Credit', 'SIMAC LEATHER', 'SIMAC LEATHER', 'SIMAC LEATHER', 'SIMAC LEATHER', '000', '000', '0300-8611392', 'c6f057b86584942e415435ffb1fa93d4', '0300-8611392', '0300-8611392', 'SIMAC LEATHER', 'SIALKOT', 'MAIN SIALKOT', 9, 'PK', 'PUNJAB', 'SIALKOT', '050000', '2016-10-28 09:22:38', 6, '0000-00-00 00:00:00', 0, 1),
(81, 4082, 'Credit', 'SAEED GUJRANWALA', 'SAEED GUJRANWALA', 'SAEED GUJRANWAL', 'SAEED GUJRANWALA', '000', '000', ' 0321-9368166', 'c6f057b86584942e415435ffb1fa93d4', ' 0321-9368166', ' 0321-9368166', 'SAEED GUJRANWALA', 'SIALKOT', 'MAIN SIALKOT', 9, 'PK', 'PUNJAB', 'SIALKOT', '050000', '2016-10-28 09:24:37', 6, '0000-00-00 00:00:00', 0, 1),
(82, 4083, 'Credit', 'SWAZ INT', 'SWAZ INT', 'SWAZ INT', 'SWAZ INT', '000', '000', '0321-6696726', 'c6f057b86584942e415435ffb1fa93d4', '0321-6696726', '0321-6696726', 'SWAZ INT', 'SIALKOT', 'MAIN SIALKOT', 9, 'PK', 'PUNJAB', 'SIALKOT', '050000', '2016-10-28 09:26:33', 6, '0000-00-00 00:00:00', 0, 1),
(83, 4084, 'Credit', 'STRIVE SPORTS', 'STRIVE SPORTS', 'STRIVE SPORTS', 'STRIVE SPORTS', '000', '000', '0300-0650103', 'c6f057b86584942e415435ffb1fa93d4', '0345-6691033', '0345-6691033', 'STRIVE SPORTS ', 'SIALKOT', 'MAIN SIALKOT', 9, 'PK', 'PUNJAB', 'SIALKOT', '050000', '2016-10-28 11:53:04', 6, '2016-10-28 11:57:06', 6, 1),
(84, 4085, 'Credit', 'APX WZD', 'APX WZD', 'APX WZD', 'APX WZD', 'apxintl.wzd@gmail.com', 'apxintl.wzd@gmail.com', '000', 'e10adc3949ba59abbe56e057f20f883e', '000', '000', 'APX WZD', 'SIALKOT', 'MAIN SIALKOT', 9, 'PK', 'PUNJAB', 'SIALKOT', '050000', '2016-10-28 11:54:42', 6, '2016-10-28 11:57:21', 6, 1),
(85, 4086, 'Credit', 'HUGO SPORTS', 'HUGO SPORTS', 'HUGO SPORTS', 'HUGO SPORTS', '000', '000', '0345-6759223', 'c6f057b86584942e415435ffb1fa93d4', '0345-6759223', '0345-6759223', 'HUGO SPORTS ', 'SIALKOT', 'MAIN SIALKOT', 9, 'PK', 'PUNJAB', 'SIALKOT', '050000', '2016-10-28 11:56:06', 6, '2016-10-28 11:57:38', 6, 1),
(86, 4087, 'Credit', 'SEEMAB', 'SEEMAB', 'SEEMAB ', 'SEEMAB', '000', '000', '0333-9615608', 'c6f057b86584942e415435ffb1fa93d4', '0333-9615608', '0333-9615608', 'SEEMAB', 'SIALKOT', 'MAIN SIALKOT', 9, 'PK', 'PUNJAB', 'SIALKOT', '050000', '2016-10-28 11:58:55', 6, '0000-00-00 00:00:00', 0, 1),
(87, 4089, 'Credit', 'GULBERG FABRICS', 'GULBERG FABRICS', 'GULBERG FABRICS', 'GULBERG FABRICS', '000', '000', '03218614416', 'c6f057b86584942e415435ffb1fa93d4', '03218614416', '03218614416', 'GULBERG FABRICS', 'SIALKOT', 'MAIN SIALKOT', 9, 'PK', 'PUNJAB', 'SIALKOT', '050000', '2016-10-28 12:02:05', 6, '0000-00-00 00:00:00', 0, 1),
(88, 4090, 'Credit', 'BIKER WEARS', 'BIKER WEARS', 'BIKER WEARS ', 'BIKER WEARS', '000', '000', '0300-8714186 ', 'c6f057b86584942e415435ffb1fa93d4', '0300-8714186 ', '0300-8714186 ', 'BIKER WEARS ', 'SIALKOT', 'MAIN SIALKOT', 9, 'PK', 'PUNJAB', 'SIALKOT', '050000', '2016-10-28 12:03:50', 6, '0000-00-00 00:00:00', 0, 1),
(89, 4091, 'Credit', 'AZEEM KAMRAH', 'AZEEM KAMRAH', 'AZEEM KAMRAH', 'AZEEM KAMRAH', 'Azeem Bhatti <dreamco.kam', '000', '0321-5248077', 'e10adc3949ba59abbe56e057f20f883e', '0321-5248077', '0321-5248077', 'AZEEM KAMRA', 'SIALKOT', 'MAIN SIALKOT', 9, 'PK', 'PUNJAB', 'SIALKOT', '050000', '2016-10-29 08:23:19', 6, '0000-00-00 00:00:00', 0, 1),
(90, 4092, 'Credit', 'COURIER POINT', 'COURIER POINT', 'COURIER POINT ', 'COURIER POINT', '000', '000', '052-6524788', '202cb962ac59075b964b07152d234b70', '0347-6775522', '0347-6775522', 'COURIER POINT', 'SIALKOT', 'MAIN SIALKOT', 9, 'PK', 'PUNJAB', 'SIALKOT', '050000', '2016-10-29 08:25:35', 6, '0000-00-00 00:00:00', 0, 1),
(91, 4093, 'Credit', 'WASEEM PACE WELL', 'WASEEM PACE WELL', 'WASEEM PACE WEL', 'WASEEM PACE WELL', 'info@pacewell.com.pk', 'info@pacewell.com.pk', '0300 8611691', 'e10adc3949ba59abbe56e057f20f883e', '03008611691', '03008611691', 'WASEEM PACE WELL ', 'SIALKOT', 'MAIN SIALKOT', 9, 'PK', 'PUNJAB', 'SIALKOT', '050000', '2016-10-29 09:10:39', 6, '0000-00-00 00:00:00', 0, 1),
(92, 4094, 'Credit', 'BEAUTY TRACK', 'BEAUTY TRACK', 'BEAUTY TRACK', 'BEAUTY TRACK', '000', '000', '0332-7568995', 'c6f057b86584942e415435ffb1fa93d4', '0332-7568995', '0332-7568995', 'BEAUTY TRACK', 'SIALKOT', 'MAIN SIALKOT', 9, 'PK', 'PUNJAB', 'SIALKOT', '050000', '2016-10-29 09:12:53', 6, '0000-00-00 00:00:00', 0, 1),
(93, 4095, 'Credit', 'ABID HUSSAIN', 'ABID HUSSAIN', 'ABID HUSSAIN ', 'ABID HUSSAIN', 'abid hussain <afghanrugs@', '000', '000', 'e10adc3949ba59abbe56e057f20f883e', '000', '03006102462', 'ABID HUSSAIN', 'SIALKOT', 'MAIN SIALKOT', 9, 'PK', 'PUNJAB', 'SIALKOT', '050000', '2016-10-29 09:14:44', 6, '0000-00-00 00:00:00', 0, 1),
(94, 4096, 'Credit', 'SPORTIKA IMPEX', 'SPORTIKA IMPEX', 'SPORTIKA IMPEX', 'SPORTIKA IMPEX', '000', '000', '0332-8158017', 'c6f057b86584942e415435ffb1fa93d4', '0332-8158017', '0332-8158017', 'SPORTIKA IMPEX ', 'SIALKOT', 'MAIN SIALKOT', 9, 'PK', 'PUNJAB', 'SIALKOT', '050000', '2016-10-29 09:17:06', 6, '0000-00-00 00:00:00', 0, 1),
(95, 4097, 'Credit', 'NZ COURIER', 'NZ COURIER', 'NZ COURIER ', 'NZ COURIER', '000', '000', '0300-6149058', 'c6f057b86584942e415435ffb1fa93d4', '0300-6149058', '0300-6149058', 'NZ COURIER ', 'SIALKOT', 'MAIN SIALKOT', 9, 'PK', 'PUNJAB', 'SIALKOT', '050000', '2016-10-29 09:18:36', 6, '0000-00-00 00:00:00', 0, 1),
(96, 4098, 'Credit', 'NEW USMAN CHEEMA APX LEDGER', 'NEW USMAN CHEEMA APX LEDGER', 'NEW USMAN CHEEM', 'NEW USMAN CHEEMA APX LEDG', '000', '000', '0344-6458881', 'c6f057b86584942e415435ffb1fa93d4', '0344-6458881', '0344-6458881', 'USMAN CHEEMA', 'SIALKOT', 'MAIN SIALKOT', 9, 'PK', 'PUNJAB', 'SIALKOT', '050000', '2016-10-29 09:20:01', 6, '0000-00-00 00:00:00', 0, 1),
(97, 4099, 'Credit', 'SUPER SWIFT APX LEDGER', 'SUPER SWIFT APX LEDGER', 'SUPER SWIFT APX', 'SUPER SWIFT APX LEDGER', '000', '000', ' 0333-8780671', 'c6f057b86584942e415435ffb1fa93d4', ' 0333-8780671', '0333-8780671', 'SUPER SWIFT', 'SIALKOT', 'MAIN SIALKOT', 9, 'PK', 'PUNJAB', 'SIALKOT', '050000', '2016-10-29 09:21:23', 6, '0000-00-00 00:00:00', 0, 1),
(98, 5000, 'Credit', 'RAVINE INT NEW APX LEDGER', 'RAVINE INT NEW APX LEDGER', 'RAVINE INT NEW ', 'RAVINE INT NEW APX LEDGER', '000', '000', '052-3563004', 'c6f057b86584942e415435ffb1fa93d4', '052-3563004', '0523563004', 'RAVINE INT NEW ', 'SIALKOT', 'MAIN SIALKOT', 9, 'PK', 'PUNJAB', 'SIALKOT', '050000', '2016-10-29 09:28:33', 6, '2016-10-29 09:29:34', 6, 1),
(99, 5001, 'Credit', 'HIT WELL BOXING', 'HIT WELL BOXING', 'HIT WELL BOXING', 'HIT WELL BOXING', '000', '000', '0320-5913939', 'c6f057b86584942e415435ffb1fa93d4', '0320-5913939', '03205913939', 'HIT WELL BOXING ', 'SIALKOT', 'MAIN SIALKOT', 9, 'PK', 'PUNJAB', 'SIALKOT', '050000', '2016-10-29 09:46:37', 6, '2016-10-29 09:47:02', 6, 1);

-- --------------------------------------------------------

--
-- Table structure for table `apx_fuel_surcharge`
--

CREATE TABLE IF NOT EXISTS `apx_fuel_surcharge` (
  `fs_id` int(11) NOT NULL AUTO_INCREMENT,
  `from_date` date NOT NULL,
  `to_date` date NOT NULL,
  `fs_percentage` int(11) NOT NULL,
  `created_date` datetime NOT NULL,
  `created_by` int(4) NOT NULL,
  `modified_date` datetime NOT NULL,
  `modified_by` int(4) NOT NULL DEFAULT '0',
  `status` int(4) NOT NULL DEFAULT '0',
  PRIMARY KEY (`fs_id`)
) ENGINE=InnoDB  DEFAULT CHARSET=latin1 AUTO_INCREMENT=4 ;

--
-- Dumping data for table `apx_fuel_surcharge`
--

INSERT INTO `apx_fuel_surcharge` (`fs_id`, `from_date`, `to_date`, `fs_percentage`, `created_date`, `created_by`, `modified_date`, `modified_by`, `status`) VALUES
(2, '2016-11-01', '2016-11-30', 22, '2016-10-12 21:03:14', 6, '2016-10-12 21:03:54', 6, 0),
(3, '2016-10-13', '2016-10-28', 34, '2016-10-12 23:26:20', 6, '0000-00-00 00:00:00', 0, 0);

-- --------------------------------------------------------

--
-- Table structure for table `apx_gst`
--

CREATE TABLE IF NOT EXISTS `apx_gst` (
  `gst_id` int(11) NOT NULL AUTO_INCREMENT,
  `from_date` date NOT NULL,
  `to_date` date NOT NULL,
  `gst_percentage` int(11) NOT NULL,
  `created_date` datetime NOT NULL,
  `created_by` int(4) NOT NULL,
  `modified_date` datetime NOT NULL,
  `modified_by` int(4) NOT NULL DEFAULT '0',
  `status` int(4) NOT NULL DEFAULT '0',
  PRIMARY KEY (`gst_id`)
) ENGINE=InnoDB  DEFAULT CHARSET=latin1 AUTO_INCREMENT=3 ;

--
-- Dumping data for table `apx_gst`
--

INSERT INTO `apx_gst` (`gst_id`, `from_date`, `to_date`, `gst_percentage`, `created_date`, `created_by`, `modified_date`, `modified_by`, `status`) VALUES
(2, '2016-10-14', '2016-10-30', 22, '2016-10-09 23:14:16', 6, '2016-10-09 23:14:28', 6, 0);

-- --------------------------------------------------------

--
-- Table structure for table `apx_price_list`
--

CREATE TABLE IF NOT EXISTS `apx_price_list` (
  `list_id` int(11) NOT NULL AUTO_INCREMENT,
  `listName` varchar(15) NOT NULL,
  `listCode` varchar(15) NOT NULL,
  `created_date` datetime NOT NULL,
  `created_by` int(4) NOT NULL,
  `modified_date` datetime NOT NULL,
  `modified_by` int(4) NOT NULL DEFAULT '0',
  `status` int(4) NOT NULL DEFAULT '0',
  PRIMARY KEY (`list_id`)
) ENGINE=InnoDB  DEFAULT CHARSET=latin1 AUTO_INCREMENT=10 ;

--
-- Dumping data for table `apx_price_list`
--

INSERT INTO `apx_price_list` (`list_id`, `listName`, `listCode`, `created_date`, `created_by`, `modified_date`, `modified_by`, `status`) VALUES
(8, 'DHL PK DOX', 'DHLPKDOX', '2016-10-27 14:19:30', 6, '0000-00-00 00:00:00', 0, 1),
(9, 'DHL PK NON DOX', 'DHLPKNDOX', '2016-10-27 14:20:00', 6, '0000-00-00 00:00:00', 0, 1);

-- --------------------------------------------------------

--
-- Table structure for table `apx_role`
--

CREATE TABLE IF NOT EXISTS `apx_role` (
  `r_id` int(11) NOT NULL AUTO_INCREMENT,
  `r_name` varchar(45) NOT NULL,
  PRIMARY KEY (`r_id`)
) ENGINE=InnoDB  DEFAULT CHARSET=latin1 AUTO_INCREMENT=5 ;

--
-- Dumping data for table `apx_role`
--

INSERT INTO `apx_role` (`r_id`, `r_name`) VALUES
(1, 'Super Admin'),
(2, 'Admin'),
(3, 'Accounts'),
(4, 'Oprations');

-- --------------------------------------------------------

--
-- Table structure for table `apx_shipment`
--

CREATE TABLE IF NOT EXISTS `apx_shipment` (
  `ship_id` int(11) NOT NULL AUTO_INCREMENT,
  `air_way_number` varchar(15) NOT NULL,
  `tracking_number` varchar(15) NOT NULL,
  `accountNumber` int(11) NOT NULL,
  `companyName` varchar(50) NOT NULL,
  `shiperName` varchar(30) NOT NULL,
  `address1` varchar(100) NOT NULL,
  `address2` varchar(100) NOT NULL,
  `city` varchar(50) NOT NULL,
  `state` varchar(30) NOT NULL,
  `country` varchar(30) NOT NULL,
  `zipCode` varchar(25) NOT NULL,
  `phone` varchar(25) NOT NULL,
  `userName` varchar(25) NOT NULL,
  `date` date NOT NULL,
  `time` time NOT NULL,
  `shiper_ref` varchar(25) NOT NULL,
  `shiper_content` text NOT NULL,
  `shiper_value` varchar(15) NOT NULL,
  `sample_invoice` varchar(50) NOT NULL,
  `receiverCompany` varchar(50) NOT NULL,
  `receiverName` varchar(25) NOT NULL,
  `receiverAddress1` varchar(100) NOT NULL,
  `receiverAddress2` varchar(100) NOT NULL,
  `receiverCity` varchar(50) NOT NULL,
  `receiverState` varchar(30) NOT NULL,
  `receiverCountry` varchar(10) NOT NULL,
  `receiverZipcode` varchar(25) NOT NULL,
  `receiverPhone` varchar(25) NOT NULL,
  `receiverMobile` varchar(25) NOT NULL,
  `shipType` enum('Dox','N-DOX') NOT NULL,
  `shipWeight` varchar(15) NOT NULL,
  `shipPcs` varchar(15) NOT NULL,
  `shipPriceList` int(11) NOT NULL,
  `shipPayment` float(12,2) NOT NULL,
  `shipPaid` float(12,2) NOT NULL,
  `shipBalance` float(12,2) NOT NULL,
  `shipInstruction` text NOT NULL,
  `created_by` int(11) NOT NULL,
  `created_date` datetime NOT NULL,
  `modified_by` int(11) NOT NULL,
  `modified_date` datetime NOT NULL,
  `status` int(11) NOT NULL DEFAULT '0',
  PRIMARY KEY (`ship_id`),
  UNIQUE KEY `air_way_number` (`air_way_number`)
) ENGINE=InnoDB  DEFAULT CHARSET=latin1 AUTO_INCREMENT=6 ;

--
-- Dumping data for table `apx_shipment`
--

INSERT INTO `apx_shipment` (`ship_id`, `air_way_number`, `tracking_number`, `accountNumber`, `companyName`, `shiperName`, `address1`, `address2`, `city`, `state`, `country`, `zipCode`, `phone`, `userName`, `date`, `time`, `shiper_ref`, `shiper_content`, `shiper_value`, `sample_invoice`, `receiverCompany`, `receiverName`, `receiverAddress1`, `receiverAddress2`, `receiverCity`, `receiverState`, `receiverCountry`, `receiverZipcode`, `receiverPhone`, `receiverMobile`, `shipType`, `shipWeight`, `shipPcs`, `shipPriceList`, `shipPayment`, `shipPaid`, `shipBalance`, `shipInstruction`, `created_by`, `created_date`, `modified_by`, `modified_date`, `status`) VALUES
(4, '7866343546545', '', 4001, 'TANGO TRADING', 'XYZ ABC', '', 'MAIN SIALKOT ', 'SIALKOT', 'PUNJAB', 'Pakistan', '050000', '03338636704', 'smehsoud', '2016-10-23', '00:00:10', 'Monis', 'Sample ', '50', '', 'Test1', 'Test1', 'Test1', 'Test1', 'Test1', 'Test1', 'BE', '54000', '123456', '123456', 'Dox', '400', '01', 4, 1000.00, 500.00, 0.00, 'Sample', 6, '2016-10-23 22:02:42', 6, '2016-10-23 22:05:57', 1),
(5, 'YXBHJHJSS', '289437', 4001, 'TANGO TRADING', 'XYZ ABC', '', 'MAIN SIALKOT ', 'SIALKOT', 'PUNJAB', 'Pakistan', '050000', '03338636704', 'smehsoud', '2016-10-27', '19:51:20', 'sbjk', 'This is the test shipment', '45.00', '', 'Cargo', 'Saeed', 'ajksd', 'jhkhk', 'jkhkj', 'hkjh', 'GB', '3244', '3242342342', '32423423', 'Dox', '300', '24234', 8, 1999.00, 1500.00, 499.00, 'This is testing', 6, '2016-10-27 19:51:42', 0, '0000-00-00 00:00:00', 1);

-- --------------------------------------------------------

--
-- Table structure for table `apx_weight_prices`
--

CREATE TABLE IF NOT EXISTS `apx_weight_prices` (
  `wp_id` int(11) NOT NULL AUTO_INCREMENT,
  `zone_id` int(11) NOT NULL,
  `list_id` int(11) NOT NULL,
  `weight_from` varchar(15) NOT NULL,
  `weight_to` varchar(15) NOT NULL,
  `wprice` float(12,2) NOT NULL,
  `created_date` datetime NOT NULL,
  `created_by` int(4) NOT NULL,
  `modified_date` datetime NOT NULL,
  `modified_by` int(4) NOT NULL DEFAULT '0',
  `status` int(4) NOT NULL DEFAULT '0',
  PRIMARY KEY (`wp_id`)
) ENGINE=InnoDB  DEFAULT CHARSET=latin1 AUTO_INCREMENT=4 ;

--
-- Dumping data for table `apx_weight_prices`
--

INSERT INTO `apx_weight_prices` (`wp_id`, `zone_id`, `list_id`, `weight_from`, `weight_to`, `wprice`, `created_date`, `created_by`, `modified_date`, `modified_by`, `status`) VALUES
(2, 16, 4, '1', '500', 1000.00, '2016-10-16 17:36:54', 6, '0000-00-00 00:00:00', 0, 1),
(3, 21, 8, '1', '500', 1999.00, '2016-10-27 19:50:21', 6, '0000-00-00 00:00:00', 0, 0);

-- --------------------------------------------------------

--
-- Table structure for table `apx_zone`
--

CREATE TABLE IF NOT EXISTS `apx_zone` (
  `zone_id` int(11) NOT NULL AUTO_INCREMENT,
  `list_id` int(11) NOT NULL,
  `zoneName` varchar(15) NOT NULL,
  `zoneLink` varchar(25) NOT NULL,
  `created_date` datetime NOT NULL,
  `created_by` int(4) NOT NULL,
  `modified_date` datetime NOT NULL,
  `modified_by` int(4) NOT NULL DEFAULT '0',
  `status` int(4) NOT NULL DEFAULT '0',
  PRIMARY KEY (`zone_id`)
) ENGINE=InnoDB  DEFAULT CHARSET=latin1 AUTO_INCREMENT=40 ;

--
-- Dumping data for table `apx_zone`
--

INSERT INTO `apx_zone` (`zone_id`, `list_id`, `zoneName`, `zoneLink`, `created_date`, `created_by`, `modified_date`, `modified_by`, `status`) VALUES
(19, 8, 'ZONE1', 'ZONE1_8', '2016-10-27 14:20:32', 6, '0000-00-00 00:00:00', 0, 0),
(20, 8, 'ZONE2', 'ZONE2_8', '2016-10-27 14:20:41', 6, '0000-00-00 00:00:00', 0, 0),
(21, 8, 'ZONE3', 'ZONE3_8', '2016-10-27 14:20:47', 6, '0000-00-00 00:00:00', 0, 0),
(22, 8, 'ZONE4', 'ZONE4_8', '2016-10-27 14:20:59', 6, '0000-00-00 00:00:00', 0, 0),
(23, 8, 'ZONE5', 'ZONE5_8', '2016-10-27 14:21:32', 6, '0000-00-00 00:00:00', 0, 0),
(24, 8, 'ZONE6', 'ZONE6_8', '2016-10-27 14:21:51', 6, '0000-00-00 00:00:00', 0, 0),
(25, 8, 'ZONE7', 'ZONE7_8', '2016-10-27 14:22:05', 6, '0000-00-00 00:00:00', 0, 0),
(26, 8, 'ZONE9', 'ZONE9_8', '2016-10-27 14:22:33', 6, '2016-10-28 06:38:55', 6, 0),
(28, 9, 'ZONE1', 'ZONE1_9', '2016-10-27 15:42:38', 6, '0000-00-00 00:00:00', 0, 0),
(29, 9, 'ZONE2', 'ZONE2_9', '2016-10-27 15:42:44', 6, '0000-00-00 00:00:00', 0, 0),
(30, 9, 'ZONE3', 'ZONE3_9', '2016-10-27 15:42:51', 6, '0000-00-00 00:00:00', 0, 0),
(31, 9, 'ZONE4', 'ZONE4_9', '2016-10-27 15:42:58', 6, '0000-00-00 00:00:00', 0, 0),
(32, 9, 'ZONE5', 'ZONE5_9', '2016-10-27 15:43:06', 6, '0000-00-00 00:00:00', 0, 0),
(33, 9, 'ZONE6', 'ZONE6_9', '2016-10-27 15:43:12', 6, '0000-00-00 00:00:00', 0, 0),
(34, 9, 'ZONE7', 'ZONE7_9', '2016-10-27 15:43:22', 6, '0000-00-00 00:00:00', 0, 0),
(35, 9, 'ZONE8', 'ZONE8_9', '2016-10-27 15:43:33', 6, '0000-00-00 00:00:00', 0, 0),
(36, 9, 'ZONE9', 'ZONE9_9', '2016-10-27 15:43:47', 6, '0000-00-00 00:00:00', 0, 0),
(37, 9, 'ZONE10', 'ZONE10_9', '2016-10-27 15:43:56', 6, '0000-00-00 00:00:00', 0, 0),
(38, 8, 'ZONE8', 'ZONE8_8', '2016-10-28 05:24:43', 6, '0000-00-00 00:00:00', 0, 0),
(39, 8, 'ZONE10', 'ZONE10_8', '2016-10-28 05:25:04', 6, '0000-00-00 00:00:00', 0, 0);

-- --------------------------------------------------------

--
-- Table structure for table `apx_zone_countries`
--

CREATE TABLE IF NOT EXISTS `apx_zone_countries` (
  `zc_id` int(11) NOT NULL AUTO_INCREMENT,
  `zone_id` int(11) NOT NULL,
  `list_id` int(11) NOT NULL,
  `countryCode` varchar(15) NOT NULL,
  `created_date` datetime NOT NULL,
  `created_by` int(11) NOT NULL,
  `status` int(11) NOT NULL,
  PRIMARY KEY (`zc_id`)
) ENGINE=InnoDB  DEFAULT CHARSET=latin1 AUTO_INCREMENT=461 ;

--
-- Dumping data for table `apx_zone_countries`
--

INSERT INTO `apx_zone_countries` (`zc_id`, `zone_id`, `list_id`, `countryCode`, `created_date`, `created_by`, `status`) VALUES
(47, 19, 8, 'AE', '2016-10-27 15:48:43', 6, 0),
(48, 19, 8, 'AF', '2016-10-27 15:48:43', 6, 0),
(49, 19, 8, 'BH', '2016-10-27 15:48:43', 6, 0),
(50, 19, 8, 'IR', '2016-10-27 15:48:43', 6, 0),
(51, 19, 8, 'JO', '2016-10-27 15:48:43', 6, 0),
(52, 19, 8, 'KW', '2016-10-27 15:48:43', 6, 0),
(53, 19, 8, 'OM', '2016-10-27 15:48:43', 6, 0),
(54, 19, 8, 'QA', '2016-10-27 15:48:43', 6, 0),
(55, 19, 8, 'SA', '2016-10-27 15:48:43', 6, 0),
(56, 19, 8, 'TR', '2016-10-27 15:48:43', 6, 0),
(57, 20, 8, 'BD', '2016-10-27 15:50:08', 6, 0),
(58, 20, 8, 'BT', '2016-10-27 15:50:08', 6, 0),
(59, 20, 8, 'IN', '2016-10-27 15:50:08', 6, 0),
(60, 20, 8, 'LK', '2016-10-27 15:50:08', 6, 0),
(61, 20, 8, 'MV', '2016-10-27 15:50:08', 6, 0),
(62, 20, 8, 'NP', '2016-10-27 15:50:08', 6, 0),
(63, 20, 8, 'PK', '2016-10-27 15:50:08', 6, 0),
(64, 21, 8, 'GB', '2016-10-27 15:50:33', 6, 0),
(65, 22, 8, 'AD', '2016-10-28 05:30:42', 6, 0),
(66, 22, 8, 'AT', '2016-10-28 05:30:42', 6, 0),
(67, 22, 8, 'BE', '2016-10-28 05:30:42', 6, 0),
(68, 22, 8, 'CH', '2016-10-28 05:30:42', 6, 0),
(69, 22, 8, 'CY', '2016-10-28 05:30:42', 6, 0),
(70, 22, 8, 'DE', '2016-10-28 05:30:42', 6, 0),
(71, 22, 8, 'DK', '2016-10-28 05:30:42', 6, 0),
(72, 22, 8, 'EE', '2016-10-28 05:30:42', 6, 0),
(73, 22, 8, 'ES', '2016-10-28 05:30:42', 6, 0),
(74, 22, 8, 'FI', '2016-10-28 05:30:42', 6, 0),
(75, 22, 8, 'FO', '2016-10-28 05:30:42', 6, 0),
(76, 22, 8, 'FR', '2016-10-28 05:30:42', 6, 0),
(77, 22, 8, 'GG', '2016-10-28 05:30:42', 6, 0),
(78, 22, 8, 'GI', '2016-10-28 05:30:42', 6, 0),
(79, 22, 8, 'GL', '2016-10-28 05:30:42', 6, 0),
(80, 22, 8, 'GR', '2016-10-28 05:30:42', 6, 0),
(81, 22, 8, 'HR', '2016-10-28 05:30:42', 6, 0),
(82, 22, 8, 'HU', '2016-10-28 05:30:42', 6, 0),
(83, 22, 8, 'IE', '2016-10-28 05:30:42', 6, 0),
(84, 22, 8, 'IS', '2016-10-28 05:30:42', 6, 0),
(85, 22, 8, 'IT', '2016-10-28 05:30:42', 6, 0),
(86, 22, 8, 'JE', '2016-10-28 05:30:42', 6, 0),
(87, 22, 8, 'LI', '2016-10-28 05:30:42', 6, 0),
(88, 22, 8, 'LT', '2016-10-28 05:30:42', 6, 0),
(89, 22, 8, 'LU', '2016-10-28 05:30:42', 6, 0),
(90, 22, 8, 'LV', '2016-10-28 05:30:42', 6, 0),
(91, 22, 8, 'MC', '2016-10-28 05:30:42', 6, 0),
(92, 22, 8, 'MT', '2016-10-28 05:30:42', 6, 0),
(93, 22, 8, 'NL', '2016-10-28 05:30:42', 6, 0),
(94, 22, 8, 'NO', '2016-10-28 05:30:42', 6, 0),
(95, 22, 8, 'PT', '2016-10-28 05:30:42', 6, 0),
(96, 22, 8, 'RO', '2016-10-28 05:30:42', 6, 0),
(97, 22, 8, 'SE', '2016-10-28 05:30:42', 6, 0),
(98, 22, 8, 'SI', '2016-10-28 05:30:42', 6, 0),
(99, 22, 8, 'SK', '2016-10-28 05:30:42', 6, 0),
(100, 22, 8, 'VA', '2016-10-28 05:30:42', 6, 0),
(101, 23, 8, 'CN', '2016-10-28 05:32:03', 6, 0),
(102, 23, 8, 'HK', '2016-10-28 05:32:03', 6, 0),
(103, 23, 8, 'TW', '2016-10-28 05:32:03', 6, 0),
(104, 24, 8, 'AS', '2016-10-28 05:40:02', 6, 0),
(105, 24, 8, 'AU', '2016-10-28 05:40:02', 6, 0),
(106, 24, 8, 'BN', '2016-10-28 05:40:02', 6, 0),
(107, 24, 8, 'CK', '2016-10-28 05:40:02', 6, 0),
(108, 24, 8, 'FJ', '2016-10-28 05:40:02', 6, 0),
(109, 24, 8, 'FK', '2016-10-28 05:40:02', 6, 0),
(110, 24, 8, 'FM', '2016-10-28 05:40:02', 6, 0),
(111, 24, 8, 'GP', '2016-10-28 05:40:02', 6, 0),
(112, 24, 8, 'GU', '2016-10-28 05:40:02', 6, 0),
(113, 24, 8, 'ID', '2016-10-28 05:40:02', 6, 0),
(114, 24, 8, 'JP', '2016-10-28 05:40:02', 6, 0),
(115, 24, 8, 'KH', '2016-10-28 05:40:02', 6, 0),
(116, 24, 8, 'KI', '2016-10-28 05:40:02', 6, 0),
(117, 24, 8, 'MH', '2016-10-28 05:40:02', 6, 0),
(118, 24, 8, 'MM', '2016-10-28 05:40:02', 6, 0),
(119, 24, 8, 'MN', '2016-10-28 05:40:02', 6, 0),
(120, 24, 8, 'MQ', '2016-10-28 05:40:02', 6, 0),
(121, 24, 8, 'MY', '2016-10-28 05:40:02', 6, 0),
(122, 24, 8, 'NC', '2016-10-28 05:40:02', 6, 0),
(123, 24, 8, 'NR', '2016-10-28 05:40:02', 6, 0),
(124, 24, 8, 'NU', '2016-10-28 05:40:02', 6, 0),
(125, 24, 8, 'NZ', '2016-10-28 05:40:02', 6, 0),
(126, 24, 8, 'PG', '2016-10-28 05:40:02', 6, 0),
(127, 24, 8, 'PH', '2016-10-28 05:40:02', 6, 0),
(128, 24, 8, 'PW', '2016-10-28 05:40:02', 6, 0),
(129, 24, 8, 'SB', '2016-10-28 05:40:02', 6, 0),
(130, 24, 8, 'SG', '2016-10-28 05:40:02', 6, 0),
(131, 24, 8, 'TH', '2016-10-28 05:40:02', 6, 0),
(132, 24, 8, 'TL', '2016-10-28 05:40:02', 6, 0),
(133, 24, 8, 'TO', '2016-10-28 05:40:02', 6, 0),
(134, 24, 8, 'TV', '2016-10-28 05:40:02', 6, 0),
(135, 24, 8, 'VN', '2016-10-28 05:40:02', 6, 0),
(136, 24, 8, 'VU', '2016-10-28 05:40:02', 6, 0),
(137, 24, 8, 'WS', '2016-10-28 05:40:02', 6, 0),
(138, 25, 8, 'CA', '2016-10-28 05:40:42', 6, 0),
(139, 25, 8, 'MX', '2016-10-28 05:40:42', 6, 0),
(140, 25, 8, 'US', '2016-10-28 05:40:42', 6, 0),
(141, 38, 8, 'AL', '2016-10-28 05:43:25', 6, 0),
(142, 38, 8, 'AM', '2016-10-28 05:43:25', 6, 0),
(143, 38, 8, 'AZ', '2016-10-28 05:43:25', 6, 0),
(144, 38, 8, 'BA', '2016-10-28 05:43:25', 6, 0),
(145, 38, 8, 'BG', '2016-10-28 05:43:25', 6, 0),
(146, 38, 8, 'BY', '2016-10-28 05:43:25', 6, 0),
(147, 38, 8, 'GE', '2016-10-28 05:43:25', 6, 0),
(148, 38, 8, 'KG', '2016-10-28 05:43:25', 6, 0),
(149, 38, 8, 'KZ', '2016-10-28 05:43:25', 6, 0),
(150, 38, 8, 'MD', '2016-10-28 05:43:25', 6, 0),
(151, 38, 8, 'ME', '2016-10-28 05:43:25', 6, 0),
(152, 38, 8, 'MK', '2016-10-28 05:43:25', 6, 0),
(153, 38, 8, 'RS', '2016-10-28 05:43:25', 6, 0),
(154, 38, 8, 'RU', '2016-10-28 05:43:25', 6, 0),
(155, 38, 8, 'TJ', '2016-10-28 05:43:25', 6, 0),
(156, 38, 8, 'UA', '2016-10-28 05:43:25', 6, 0),
(157, 38, 8, 'UZ', '2016-10-28 05:43:25', 6, 0),
(158, 38, 8, 'XK', '2016-10-28 05:43:25', 6, 0),
(159, 26, 8, 'AO', '2016-10-28 06:23:19', 6, 0),
(160, 26, 8, 'BF', '2016-10-28 06:23:19', 6, 0),
(161, 26, 8, 'BI', '2016-10-28 06:23:19', 6, 0),
(162, 26, 8, 'BJ', '2016-10-28 06:23:19', 6, 0),
(163, 26, 8, 'BW', '2016-10-28 06:23:19', 6, 0),
(164, 26, 8, 'CF', '2016-10-28 06:23:19', 6, 0),
(165, 26, 8, 'CM', '2016-10-28 06:23:19', 6, 0),
(166, 26, 8, 'CV', '2016-10-28 06:23:19', 6, 0),
(167, 26, 8, 'DJ', '2016-10-28 06:23:19', 6, 0),
(168, 26, 8, 'DO', '2016-10-28 06:23:19', 6, 0),
(169, 26, 8, 'DZ', '2016-10-28 06:23:19', 6, 0),
(170, 26, 8, 'EG', '2016-10-28 06:23:19', 6, 0),
(171, 26, 8, 'ER', '2016-10-28 06:23:19', 6, 0),
(172, 26, 8, 'ET', '2016-10-28 06:23:19', 6, 0),
(173, 26, 8, 'GA', '2016-10-28 06:23:19', 6, 0),
(174, 26, 8, 'GH', '2016-10-28 06:23:19', 6, 0),
(175, 26, 8, 'GM', '2016-10-28 06:23:19', 6, 0),
(176, 26, 8, 'GW', '2016-10-28 06:23:19', 6, 0),
(177, 26, 8, 'KE', '2016-10-28 06:23:19', 6, 0),
(178, 26, 8, 'KM', '2016-10-28 06:23:19', 6, 0),
(179, 26, 8, 'LR', '2016-10-28 06:23:19', 6, 0),
(180, 26, 8, 'LS', '2016-10-28 06:23:19', 6, 0),
(181, 26, 8, 'MA', '2016-10-28 06:23:19', 6, 0),
(182, 26, 8, 'MG', '2016-10-28 06:23:19', 6, 0),
(183, 26, 8, 'ML', '2016-10-28 06:23:19', 6, 0),
(184, 26, 8, 'MR', '2016-10-28 06:23:19', 6, 0),
(185, 26, 8, 'MU', '2016-10-28 06:23:19', 6, 0),
(186, 26, 8, 'MW', '2016-10-28 06:23:19', 6, 0),
(187, 26, 8, 'MZ', '2016-10-28 06:23:20', 6, 0),
(188, 26, 8, 'NA', '2016-10-28 06:23:20', 6, 0),
(189, 26, 8, 'NE', '2016-10-28 06:23:20', 6, 0),
(190, 26, 8, 'NG', '2016-10-28 06:23:20', 6, 0),
(191, 26, 8, 'RW', '2016-10-28 06:23:20', 6, 0),
(192, 26, 8, 'SC', '2016-10-28 06:23:20', 6, 0),
(193, 26, 8, 'SD', '2016-10-28 06:23:20', 6, 0),
(194, 26, 8, 'SL', '2016-10-28 06:23:20', 6, 0),
(195, 26, 8, 'SN', '2016-10-28 06:23:20', 6, 0),
(196, 26, 8, 'SO', '2016-10-28 06:23:20', 6, 0),
(197, 26, 8, 'SS', '2016-10-28 06:23:20', 6, 0),
(198, 26, 8, 'SZ', '2016-10-28 06:23:20', 6, 0),
(199, 26, 8, 'TD', '2016-10-28 06:23:20', 6, 0),
(200, 26, 8, 'TG', '2016-10-28 06:23:20', 6, 0),
(201, 26, 8, 'TN', '2016-10-28 06:23:20', 6, 0),
(202, 26, 8, 'TZ', '2016-10-28 06:23:20', 6, 0),
(203, 26, 8, 'UG', '2016-10-28 06:23:20', 6, 0),
(204, 26, 8, 'ZA', '2016-10-28 06:23:20', 6, 0),
(205, 26, 8, 'ZM', '2016-10-28 06:23:20', 6, 0),
(206, 26, 8, 'ZW', '2016-10-28 06:23:20', 6, 0),
(207, 39, 8, 'AI', '2016-10-28 06:31:15', 6, 0),
(208, 39, 8, 'AR', '2016-10-28 06:31:15', 6, 0),
(209, 39, 8, 'AW', '2016-10-28 06:31:15', 6, 0),
(210, 39, 8, 'BB', '2016-10-28 06:31:15', 6, 0),
(211, 39, 8, 'BM', '2016-10-28 06:31:15', 6, 0),
(212, 39, 8, 'BO', '2016-10-28 06:31:15', 6, 0),
(213, 39, 8, 'BQ', '2016-10-28 06:31:15', 6, 0),
(214, 39, 8, 'BR', '2016-10-28 06:31:15', 6, 0),
(215, 39, 8, 'BS', '2016-10-28 06:31:15', 6, 0),
(216, 39, 8, 'BZ', '2016-10-28 06:31:15', 6, 0),
(217, 39, 8, 'CL', '2016-10-28 06:31:15', 6, 0),
(218, 39, 8, 'CO', '2016-10-28 06:31:15', 6, 0),
(219, 39, 8, 'CR', '2016-10-28 06:31:15', 6, 0),
(220, 39, 8, 'CU', '2016-10-28 06:31:15', 6, 0),
(221, 39, 8, 'CW', '2016-10-28 06:31:15', 6, 0),
(222, 39, 8, 'DM', '2016-10-28 06:31:15', 6, 0),
(223, 39, 8, 'EC', '2016-10-28 06:31:15', 6, 0),
(224, 39, 8, 'GD', '2016-10-28 06:31:15', 6, 0),
(225, 39, 8, 'GT', '2016-10-28 06:31:15', 6, 0),
(226, 39, 8, 'GY', '2016-10-28 06:31:15', 6, 0),
(227, 39, 8, 'HN', '2016-10-28 06:31:15', 6, 0),
(228, 39, 8, 'HT', '2016-10-28 06:31:15', 6, 0),
(229, 39, 8, 'IL', '2016-10-28 06:31:15', 6, 0),
(230, 39, 8, 'IQ', '2016-10-28 06:31:15', 6, 0),
(231, 39, 8, 'JM', '2016-10-28 06:31:15', 6, 0),
(232, 39, 8, 'KY', '2016-10-28 06:31:15', 6, 0),
(233, 39, 8, 'LB', '2016-10-28 06:31:15', 6, 0),
(234, 39, 8, 'LY', '2016-10-28 06:31:15', 6, 0),
(235, 39, 8, 'MS', '2016-10-28 06:31:15', 6, 0),
(236, 39, 8, 'NI', '2016-10-28 06:31:15', 6, 0),
(237, 39, 8, 'PA', '2016-10-28 06:31:15', 6, 0),
(238, 39, 8, 'PE', '2016-10-28 06:31:15', 6, 0),
(239, 39, 8, 'PL', '2016-10-28 06:31:15', 6, 0),
(240, 39, 8, 'PR', '2016-10-28 06:31:15', 6, 0),
(241, 39, 8, 'PY', '2016-10-28 06:31:15', 6, 0),
(242, 39, 8, 'SM', '2016-10-28 06:31:15', 6, 0),
(243, 39, 8, 'SR', '2016-10-28 06:31:15', 6, 0),
(244, 39, 8, 'SV', '2016-10-28 06:31:15', 6, 0),
(245, 39, 8, 'SY', '2016-10-28 06:31:15', 6, 0),
(246, 39, 8, 'TC', '2016-10-28 06:31:15', 6, 0),
(247, 39, 8, 'TT', '2016-10-28 06:31:15', 6, 0),
(248, 39, 8, 'UY', '2016-10-28 06:31:15', 6, 0),
(249, 39, 8, 'VE', '2016-10-28 06:31:15', 6, 0),
(250, 39, 8, 'VG', '2016-10-28 06:31:15', 6, 0),
(251, 39, 8, 'VI', '2016-10-28 06:31:15', 6, 0),
(252, 39, 8, 'YE', '2016-10-28 06:31:15', 6, 0),
(253, 39, 8, 'YT', '2016-10-28 06:31:15', 6, 0),
(254, 28, 9, 'AE', '2016-10-28 12:21:25', 6, 0),
(255, 28, 9, 'AF', '2016-10-28 12:21:25', 6, 0),
(256, 28, 9, 'BH', '2016-10-28 12:21:25', 6, 0),
(257, 28, 9, 'IR', '2016-10-28 12:21:25', 6, 0),
(258, 28, 9, 'JO', '2016-10-28 12:21:25', 6, 0),
(259, 28, 9, 'KW', '2016-10-28 12:21:25', 6, 0),
(260, 28, 9, 'OM', '2016-10-28 12:21:25', 6, 0),
(261, 28, 9, 'QA', '2016-10-28 12:21:25', 6, 0),
(262, 28, 9, 'SA', '2016-10-28 12:21:25', 6, 0),
(263, 28, 9, 'TR', '2016-10-28 12:21:25', 6, 0),
(264, 29, 9, 'BD', '2016-10-28 12:22:17', 6, 0),
(265, 29, 9, 'BT', '2016-10-28 12:22:17', 6, 0),
(266, 29, 9, 'IN', '2016-10-28 12:22:17', 6, 0),
(267, 29, 9, 'LK', '2016-10-28 12:22:17', 6, 0),
(268, 29, 9, 'MV', '2016-10-28 12:22:17', 6, 0),
(269, 29, 9, 'NP', '2016-10-28 12:22:17', 6, 0),
(270, 29, 9, 'PK', '2016-10-28 12:22:17', 6, 0),
(271, 30, 9, 'GB', '2016-10-28 12:22:42', 6, 0),
(272, 31, 9, 'AD', '2016-10-28 12:25:52', 6, 0),
(273, 31, 9, 'AT', '2016-10-28 12:25:52', 6, 0),
(274, 31, 9, 'BE', '2016-10-28 12:25:52', 6, 0),
(275, 31, 9, 'CH', '2016-10-28 12:25:52', 6, 0),
(276, 31, 9, 'CY', '2016-10-28 12:25:52', 6, 0),
(277, 31, 9, 'DE', '2016-10-28 12:25:52', 6, 0),
(278, 31, 9, 'DK', '2016-10-28 12:25:52', 6, 0),
(279, 31, 9, 'EE', '2016-10-28 12:25:52', 6, 0),
(280, 31, 9, 'ES', '2016-10-28 12:25:52', 6, 0),
(281, 31, 9, 'FI', '2016-10-28 12:25:52', 6, 0),
(282, 31, 9, 'FO', '2016-10-28 12:25:52', 6, 0),
(283, 31, 9, 'FR', '2016-10-28 12:25:52', 6, 0),
(284, 31, 9, 'GG', '2016-10-28 12:25:52', 6, 0),
(285, 31, 9, 'GI', '2016-10-28 12:25:52', 6, 0),
(286, 31, 9, 'GL', '2016-10-28 12:25:52', 6, 0),
(287, 31, 9, 'GR', '2016-10-28 12:25:52', 6, 0),
(288, 31, 9, 'HR', '2016-10-28 12:25:52', 6, 0),
(289, 31, 9, 'HU', '2016-10-28 12:25:52', 6, 0),
(290, 31, 9, 'IE', '2016-10-28 12:25:52', 6, 0),
(291, 31, 9, 'IS', '2016-10-28 12:25:52', 6, 0),
(292, 31, 9, 'IT', '2016-10-28 12:25:52', 6, 0),
(293, 31, 9, 'JE', '2016-10-28 12:25:52', 6, 0),
(294, 31, 9, 'LI', '2016-10-28 12:25:52', 6, 0),
(295, 31, 9, 'LT', '2016-10-28 12:25:52', 6, 0),
(296, 31, 9, 'LU', '2016-10-28 12:25:52', 6, 0),
(297, 31, 9, 'LV', '2016-10-28 12:25:52', 6, 0),
(298, 31, 9, 'MC', '2016-10-28 12:25:52', 6, 0),
(299, 31, 9, 'MT', '2016-10-28 12:25:52', 6, 0),
(300, 31, 9, 'NL', '2016-10-28 12:25:52', 6, 0),
(301, 31, 9, 'NO', '2016-10-28 12:25:52', 6, 0),
(302, 31, 9, 'PT', '2016-10-28 12:25:52', 6, 0),
(303, 31, 9, 'RO', '2016-10-28 12:25:52', 6, 0),
(304, 31, 9, 'SE', '2016-10-28 12:25:52', 6, 0),
(305, 31, 9, 'SI', '2016-10-28 12:25:52', 6, 0),
(306, 31, 9, 'SK', '2016-10-28 12:25:52', 6, 0),
(307, 31, 9, 'VA', '2016-10-28 12:25:52', 6, 0),
(308, 32, 9, 'CN', '2016-10-28 12:26:42', 6, 0),
(309, 32, 9, 'HK', '2016-10-28 12:26:42', 6, 0),
(310, 32, 9, 'TW', '2016-10-28 12:26:42', 6, 0),
(311, 33, 9, 'AS', '2016-10-28 13:19:22', 6, 0),
(312, 33, 9, 'AU', '2016-10-28 13:19:22', 6, 0),
(313, 33, 9, 'BN', '2016-10-28 13:19:22', 6, 0),
(314, 33, 9, 'CK', '2016-10-28 13:19:22', 6, 0),
(315, 33, 9, 'FK', '2016-10-28 13:19:22', 6, 0),
(316, 33, 9, 'KH', '2016-10-28 13:19:22', 6, 0),
(317, 33, 9, 'FJ', '2016-10-28 13:21:51', 6, 0),
(318, 33, 9, 'FM', '2016-10-28 13:21:51', 6, 0),
(319, 33, 9, 'GP', '2016-10-28 13:21:51', 6, 0),
(320, 33, 9, 'GU', '2016-10-28 13:21:51', 6, 0),
(321, 33, 9, 'ID', '2016-10-28 13:21:51', 6, 0),
(322, 33, 9, 'JP', '2016-10-28 13:21:51', 6, 0),
(323, 33, 9, 'KI', '2016-10-28 13:21:51', 6, 0),
(324, 33, 9, 'MH', '2016-10-28 13:21:51', 6, 0),
(325, 33, 9, 'MM', '2016-10-28 13:21:51', 6, 0),
(326, 33, 9, 'MN', '2016-10-28 13:21:51', 6, 0),
(327, 33, 9, 'MQ', '2016-10-28 13:21:51', 6, 0),
(328, 33, 9, 'MY', '2016-10-28 13:21:51', 6, 0),
(329, 33, 9, 'NC', '2016-10-28 13:21:51', 6, 0),
(330, 33, 9, 'NR', '2016-10-28 13:21:51', 6, 0),
(331, 33, 9, 'NU', '2016-10-28 13:21:51', 6, 0),
(332, 33, 9, 'NZ', '2016-10-28 13:21:51', 6, 0),
(333, 33, 9, 'PG', '2016-10-28 13:21:51', 6, 0),
(334, 33, 9, 'PH', '2016-10-28 13:21:51', 6, 0),
(335, 33, 9, 'PW', '2016-10-28 13:21:51', 6, 0),
(336, 33, 9, 'SB', '2016-10-28 13:21:51', 6, 0),
(337, 33, 9, 'SG', '2016-10-28 13:21:51', 6, 0),
(338, 33, 9, 'TH', '2016-10-28 13:21:51', 6, 0),
(339, 33, 9, 'TL', '2016-10-28 13:21:51', 6, 0),
(340, 33, 9, 'TO', '2016-10-28 13:21:51', 6, 0),
(341, 33, 9, 'TV', '2016-10-28 13:21:51', 6, 0),
(342, 33, 9, 'VN', '2016-10-28 13:21:51', 6, 0),
(343, 33, 9, 'VU', '2016-10-28 13:21:51', 6, 0),
(344, 33, 9, 'WS', '2016-10-28 13:21:51', 6, 0),
(345, 34, 9, 'CA', '2016-10-28 13:23:23', 6, 0),
(346, 34, 9, 'MX', '2016-10-28 13:23:23', 6, 0),
(347, 34, 9, 'US', '2016-10-28 13:23:23', 6, 0),
(348, 35, 9, 'AL', '2016-10-28 13:25:12', 6, 0),
(349, 35, 9, 'AM', '2016-10-28 13:25:12', 6, 0),
(350, 35, 9, 'AZ', '2016-10-28 13:25:12', 6, 0),
(351, 35, 9, 'BA', '2016-10-28 13:25:12', 6, 0),
(352, 35, 9, 'BG', '2016-10-28 13:25:12', 6, 0),
(353, 35, 9, 'BY', '2016-10-28 13:25:12', 6, 0),
(354, 35, 9, 'GE', '2016-10-28 13:25:12', 6, 0),
(355, 35, 9, 'KG', '2016-10-28 13:25:12', 6, 0),
(356, 35, 9, 'KZ', '2016-10-28 13:25:12', 6, 0),
(357, 35, 9, 'MD', '2016-10-28 13:25:12', 6, 0),
(358, 35, 9, 'ME', '2016-10-28 13:25:12', 6, 0),
(359, 35, 9, 'MK', '2016-10-28 13:25:12', 6, 0),
(360, 35, 9, 'RS', '2016-10-28 13:25:12', 6, 0),
(361, 35, 9, 'RU', '2016-10-28 13:25:12', 6, 0),
(362, 35, 9, 'TJ', '2016-10-28 13:25:12', 6, 0),
(363, 35, 9, 'UA', '2016-10-28 13:25:12', 6, 0),
(364, 35, 9, 'UZ', '2016-10-28 13:25:12', 6, 0),
(365, 35, 9, 'XK', '2016-10-28 13:25:12', 6, 0),
(366, 36, 9, 'AO', '2016-10-28 13:29:47', 6, 0),
(367, 36, 9, 'BF', '2016-10-28 13:29:47', 6, 0),
(368, 36, 9, 'BI', '2016-10-28 13:29:47', 6, 0),
(369, 36, 9, 'BJ', '2016-10-28 13:29:47', 6, 0),
(370, 36, 9, 'BW', '2016-10-28 13:29:47', 6, 0),
(371, 36, 9, 'CD', '2016-10-28 13:29:47', 6, 0),
(372, 36, 9, 'CF', '2016-10-28 13:29:47', 6, 0),
(373, 36, 9, 'CM', '2016-10-28 13:29:47', 6, 0),
(374, 36, 9, 'CV', '2016-10-28 13:29:47', 6, 0),
(375, 36, 9, 'DJ', '2016-10-28 13:29:47', 6, 0),
(376, 36, 9, 'DZ', '2016-10-28 13:29:47', 6, 0),
(377, 36, 9, 'EG', '2016-10-28 13:29:47', 6, 0),
(378, 36, 9, 'ER', '2016-10-28 13:29:47', 6, 0),
(379, 36, 9, 'ET', '2016-10-28 13:29:47', 6, 0),
(380, 36, 9, 'GA', '2016-10-28 13:29:47', 6, 0),
(381, 36, 9, 'GH', '2016-10-28 13:29:47', 6, 0),
(382, 36, 9, 'GM', '2016-10-28 13:29:47', 6, 0),
(383, 36, 9, 'GW', '2016-10-28 13:29:47', 6, 0),
(384, 36, 9, 'KE', '2016-10-28 13:29:47', 6, 0),
(385, 36, 9, 'KM', '2016-10-28 13:29:47', 6, 0),
(386, 36, 9, 'LR', '2016-10-28 13:29:47', 6, 0),
(387, 36, 9, 'LS', '2016-10-28 13:29:47', 6, 0),
(388, 36, 9, 'MA', '2016-10-28 13:29:47', 6, 0),
(389, 36, 9, 'MG', '2016-10-28 13:29:47', 6, 0),
(390, 36, 9, 'ML', '2016-10-28 13:29:47', 6, 0),
(391, 36, 9, 'MR', '2016-10-28 13:29:47', 6, 0),
(392, 36, 9, 'MU', '2016-10-28 13:29:47', 6, 0),
(393, 36, 9, 'MW', '2016-10-28 13:29:47', 6, 0),
(394, 36, 9, 'MZ', '2016-10-28 13:29:47', 6, 0),
(395, 36, 9, 'NA', '2016-10-28 13:29:47', 6, 0),
(396, 36, 9, 'NE', '2016-10-28 13:29:47', 6, 0),
(397, 36, 9, 'NG', '2016-10-28 13:29:47', 6, 0),
(398, 36, 9, 'RW', '2016-10-28 13:29:47', 6, 0),
(399, 36, 9, 'SC', '2016-10-28 13:29:47', 6, 0),
(400, 36, 9, 'SD', '2016-10-28 13:29:47', 6, 0),
(401, 36, 9, 'SL', '2016-10-28 13:29:47', 6, 0),
(402, 36, 9, 'SN', '2016-10-28 13:29:47', 6, 0),
(403, 36, 9, 'SO', '2016-10-28 13:29:47', 6, 0),
(404, 36, 9, 'SS', '2016-10-28 13:29:47', 6, 0),
(405, 36, 9, 'SZ', '2016-10-28 13:29:47', 6, 0),
(406, 36, 9, 'TD', '2016-10-28 13:29:47', 6, 0),
(407, 36, 9, 'TG', '2016-10-28 13:29:47', 6, 0),
(408, 36, 9, 'TN', '2016-10-28 13:29:47', 6, 0),
(409, 36, 9, 'TZ', '2016-10-28 13:29:47', 6, 0),
(410, 36, 9, 'UG', '2016-10-28 13:29:47', 6, 0),
(411, 36, 9, 'ZA', '2016-10-28 13:29:47', 6, 0),
(412, 36, 9, 'ZM', '2016-10-28 13:29:47', 6, 0),
(413, 36, 9, 'ZW', '2016-10-28 13:29:47', 6, 0),
(414, 37, 9, 'AI', '2016-10-28 13:36:29', 6, 0),
(415, 37, 9, 'AR', '2016-10-28 13:36:29', 6, 0),
(416, 37, 9, 'AW', '2016-10-28 13:36:29', 6, 0),
(417, 37, 9, 'BB', '2016-10-28 13:36:29', 6, 0),
(418, 37, 9, 'BM', '2016-10-28 13:36:29', 6, 0),
(419, 37, 9, 'BO', '2016-10-28 13:36:29', 6, 0),
(420, 37, 9, 'BQ', '2016-10-28 13:36:29', 6, 0),
(421, 37, 9, 'BR', '2016-10-28 13:36:29', 6, 0),
(422, 37, 9, 'BS', '2016-10-28 13:36:29', 6, 0),
(423, 37, 9, 'BZ', '2016-10-28 13:36:29', 6, 0),
(424, 37, 9, 'CL', '2016-10-28 13:36:29', 6, 0),
(425, 37, 9, 'CO', '2016-10-28 13:36:29', 6, 0),
(426, 37, 9, 'CR', '2016-10-28 13:36:29', 6, 0),
(427, 37, 9, 'CU', '2016-10-28 13:36:29', 6, 0),
(428, 37, 9, 'CW', '2016-10-28 13:36:29', 6, 0),
(429, 37, 9, 'DM', '2016-10-28 13:36:29', 6, 0),
(430, 37, 9, 'EC', '2016-10-28 13:36:29', 6, 0),
(431, 37, 9, 'GD', '2016-10-28 13:36:29', 6, 0),
(432, 37, 9, 'GT', '2016-10-28 13:36:29', 6, 0),
(433, 37, 9, 'GY', '2016-10-28 13:36:29', 6, 0),
(434, 37, 9, 'HN', '2016-10-28 13:36:29', 6, 0),
(435, 37, 9, 'HT', '2016-10-28 13:36:29', 6, 0),
(436, 37, 9, 'IL', '2016-10-28 13:36:29', 6, 0),
(437, 37, 9, 'IQ', '2016-10-28 13:36:29', 6, 0),
(438, 37, 9, 'JM', '2016-10-28 13:36:29', 6, 0),
(439, 37, 9, 'KY', '2016-10-28 13:36:29', 6, 0),
(440, 37, 9, 'LB', '2016-10-28 13:36:29', 6, 0),
(441, 37, 9, 'LY', '2016-10-28 13:36:29', 6, 0),
(442, 37, 9, 'MS', '2016-10-28 13:36:29', 6, 0),
(443, 37, 9, 'NI', '2016-10-28 13:36:29', 6, 0),
(444, 37, 9, 'PA', '2016-10-28 13:36:29', 6, 0),
(445, 37, 9, 'PE', '2016-10-28 13:36:29', 6, 0),
(446, 37, 9, 'PL', '2016-10-28 13:36:29', 6, 0),
(447, 37, 9, 'PR', '2016-10-28 13:36:29', 6, 0),
(448, 37, 9, 'PY', '2016-10-28 13:36:29', 6, 0),
(449, 37, 9, 'SM', '2016-10-28 13:36:29', 6, 0),
(450, 37, 9, 'SR', '2016-10-28 13:36:29', 6, 0),
(451, 37, 9, 'SV', '2016-10-28 13:36:29', 6, 0),
(452, 37, 9, 'SY', '2016-10-28 13:36:29', 6, 0),
(453, 37, 9, 'TC', '2016-10-28 13:36:29', 6, 0),
(454, 37, 9, 'TT', '2016-10-28 13:36:29', 6, 0),
(455, 37, 9, 'UY', '2016-10-28 13:36:29', 6, 0),
(456, 37, 9, 'VE', '2016-10-28 13:36:29', 6, 0),
(457, 37, 9, 'VG', '2016-10-28 13:36:29', 6, 0),
(458, 37, 9, 'VI', '2016-10-28 13:36:29', 6, 0),
(459, 37, 9, 'YE', '2016-10-28 13:36:29', 6, 0),
(460, 37, 9, 'YT', '2016-10-28 13:36:29', 6, 0);

/*!40101 SET CHARACTER_SET_CLIENT=@OLD_CHARACTER_SET_CLIENT */;
/*!40101 SET CHARACTER_SET_RESULTS=@OLD_CHARACTER_SET_RESULTS */;
/*!40101 SET COLLATION_CONNECTION=@OLD_COLLATION_CONNECTION */;
